Horodateur;1. Are you a :;2. What is your birth date (approximately) ?;3. When did you started to live in Taipei ? (approximately);4. Which district of Taipei are you living in ?;5. How much do you feel engaged in Decision-Making on Taipei ?;6. What kind of media provides you the information you need to make an opinion on the decisions to make (multiple answer available ) ?;7. Which social media are you using the most (multiple answer available) ?;8. Which Messaging app are you using the most (multiple answer available) ?;9. Which category of Stakeholder do you feel to be part of ?;10. Which type of actor represents you the best ?;11. In your decision-making, which type of actor do you feel the most influenced by (Multiple answer available) ?;12. How would you qualify your relationship with these categories of stakeholders ? [1. Governmental & Public Sector];12. How would you qualify your relationship with these categories of stakeholders ? [2. University Academics, Research & Innovation];12. How would you qualify your relationship with these categories of stakeholders ? [3. Private Sector];12. How would you qualify your relationship with these categories of stakeholders ? [4. Civil Society, Social and Third Sector];13. Where do you usually meet other actors of decision-making (multiple answer available) ?;14. How much do you feel you can express your opinion in that places ?;15. How much do you feel that meeting other actors makes you change your opinion ?;16. Would you like to engage more in decision-making on your city ?;17. What kind of engagement are you open to (multiple answers available) ?;18. How many time would you agree to spend in engagement on decision-making for your city ?
2019/11/13 12:27:16 PM UTC+8;a. 男性;1975-03-22;1975-03-22;i. Nángang/南港;3;"d. 信息網站和互聯網;g. 報紙（專業新聞）";"a. Facebook;c. Youtube";"a. Line;f. Messenger";3. 私人部門;l. 個人公民;"b. 政府（地方）;j. 草根運動、地方性協會或非營利組織";矛盾（不良的關係和態度對立）;矛盾（不良的關係和態度對立）;中立;親近（良好的關係和相互影響）;"e. 都市基礎設施（如：公有房地產，公共交通系統，公共體育和休閒設施）;g. 網路上（網路論壇和其他應用程式）";1;4;a. 會;b. 實際參與研討會;b. 每天一個小時
2019/12/17 4:34:01 PM UTC+8;b. Woman;1988-11-13;2007-08-30;d. Zhōngshān;2;"a. Social Medias (Facebook, Twitter, Youtube, LinkedIn, Instagram ... );b. Messaging Applications (Line, WhatsApp, WeChat, Slack, Telegram ... );c. Word to mouth between friends, family and neighbors";"a. Facebook;e. LinkedIn;f. Instagram";"a. Line;b. Whatsapp";3. Private Sector;l. Individual Citizen;"j. Grassroot Movement, Local Association and Non-Profit;k. International NGOs and Third Sector";Neutral;Neutral;Neutral;Neutral;"b. Global promotional events and forums;g. Online (web forums and applications)";2;4;a. Yes;"a. Online Survey Studies;b. Participative Workshops;c. One-to-one Interviews by phone, webcall or meeting;d. Mobile Voting Application";b. One hour a day
2019/11/13 10:33:38 AM UTC+8;b. 女性;1968-05-17;1968-05-17;c. Dà'ān/大安;2;"a. 社交媒體（Facebook，Twitter，Youtube，LinkedIn，Instagram ...）;d. 信息網站和互聯網;e. 電子郵件和新聞通訊";"a. Facebook;c. Youtube";"a. Line;f. Messenger";3. 私人部門;l. 個人公民;"e. 學術研究與大學;j. 草根運動、地方性協會或非營利組織;l. 個人公民";中立;中立;親近（良好的關係和相互影響）;親近（良好的關係和相互影響）;"d. 商業群聚和創業生態系統;g. 網路上（網路論壇和其他應用程式）";2;3;b. 不會;"a. 網路上的研究調查;b. 實際參與研討會;d. 電子投票系統";d. 每個月一個小時
2019/11/13 11:47:00 PM UTC+8;b. Woman;2019-09-01;2011-07-10;c. Dà'ān;1;"c. Word to mouth between friends, family and neighbors;d. Informational websites and Internet";"c. Youtube;e. LinkedIn;f. Instagram;g. Pinterest";a. Line;2. University Academics, Research & Innovation;g. Corporate Company (IT or Construction Industry);"a. Government (National);e. Academic Research & University;g. Corporate Company (IT or Construction Industry);k. International NGOs and Third Sector";Pro (good relationship and mutual influence);Pro (good relationship and mutual influence);Neutral;Neutral;"b. Global promotional events and forums;c. Innovation and startup support structure;e. Urban Infrastructure (Public Real-Estate, Transportation systems, Public Sport and Leisure areas);f. City Council or other Governmental Deliberative Assemblies";5;3;a. Yes;"a. Online Survey Studies;d. Mobile Voting Application";c. One hour a week
2019/11/08 2:03:22 PM UTC+8;b. Woman;1991-11-12;2017-07-01;Dà'ān;1;"Social Medias (Facebook, Twitter, Youtube, LinkedIn, Instagram ... );Word to mouth between friends, family and neighbors;Informational websites and Internet;Emails and Newsletters;Television";"Facebook;Twitter;Youtube;Medium;LinkedIn;Instagram";"Line;Slack";3. Private Sector;eCommerce, Startup, Small and Medium Enterprise;"Government (National);Government (Local);Public Services;Financial and Founding Partner;Academic Research & University;Private Research & Innovation;Corporate Company (IT or Construction Industry);International NGOs and Third Sector";Neutral;Neutral;Pro (good relationship and mutual influence);Pro (good relationship and mutual influence);"Neighborhood associations and district events;Global promotional events and forums;Innovation and startup support structure;Business clusters and entrepreneurial ecosystems;Urban Infrastructure (Public Real-Estate, Transportation systems, Public Sport and Leisure areas)";3;3;Yes;"Online Survey Studies;Participative Workshops;Mobile Voting Application";One hour a week
2019/11/17 8:27:06 PM UTC+8;a. Man;1992-08-03;1992-08-03;New Taipei City;4;"a. Social Medias (Facebook, Twitter, Youtube, LinkedIn, Instagram ... );d. Informational websites and Internet;g. Newspaper Industry (Professional Journalism);i. Television";"a. Facebook;e. LinkedIn";"a. Line;c. WeChat";3. Private Sector;h. eCommerce, Startup, Small and Medium Enterprise;"a. Government (National);b. Government (Local);d. Financial and Founding Partner;f. Private Research & Innovation;g. Corporate Company (IT or Construction Industry);h. eCommerce, Startup, Small and Medium Enterprise";Contrary (bad relationship and oppositions in decision-making);Neutral;Neutral;Contrary (bad relationship and oppositions in decision-making);"b. Global promotional events and forums;d. Business clusters and entrepreneurial ecosystems;g. Online (web forums and applications)";3;3;a. Yes;"a. Online Survey Studies;c. One-to-one Interviews by phone, webcall or meeting";b. One hour a day
2019/11/12 2:11:20 PM UTC+8;b. Woman;1986-01-01;1986-01-01;d. Zhōngshān;10;"a. Social Medias (Facebook, Twitter, Youtube, LinkedIn, Instagram ... );c. Word to mouth between friends, family and neighbors;d. Informational websites and Internet;f. Print Communication (Books, Flyers, Independent Activist Newspapers ... )";"a. Facebook;c. Youtube";"a. Line;c. WeChat";4. Civil Society, Social and Third Sector;h. eCommerce, Startup, Small and Medium Enterprise;"h. eCommerce, Startup, Small and Medium Enterprise;l. Individual Citizen";Neutral;Neutral;Neutral;Neutral;g. Online (web forums and applications);5;3;a. Yes;"a. Online Survey Studies;d. Mobile Voting Application";f. Less than one hour a year
2019/11/11 4:04:27 PM UTC+8;b. Woman;1984-11-29;2009-09-11;b. Xìnyì;7;"a. Social Medias (Facebook, Twitter, Youtube, LinkedIn, Instagram ... );b. Messaging Applications (Line, WhatsApp, WeChat, Slack, Telegram ... )";"a. Facebook;c. Youtube;d. Medium;e. LinkedIn";"d. Slack;Facebook messenger ";2. University Academics, Research & Innovation;g. Corporate Company (IT or Construction Industry);"a. Government (National);b. Government (Local);d. Financial and Founding Partner;e. Academic Research & University;g. Corporate Company (IT or Construction Industry)";Neutral;Pro (good relationship and mutual influence);Neutral;Neutral;d. Business clusters and entrepreneurial ecosystems;5;3;a. Yes;"a. Online Survey Studies;b. Participative Workshops;c. One-to-one Interviews by phone, webcall or meeting;d. Mobile Voting Application;e. Community Project Management";f. Less than one hour a year
2019/11/08 7:40:45 PM UTC+8;b. Woman;1984-12-13;1985-12-13;Dà'ān;7;"Social Medias (Facebook, Twitter, Youtube, LinkedIn, Instagram ... );Messaging Applications (Line, WhatsApp, WeChat, Slack, Telegram ... );Word to mouth between friends, family and neighbors";"Facebook;Medium;Instagram";"Line;Whatsapp";3. Private Sector;Corporate Company (IT or Construction Industry);"Government (National);Government (Local);Private Research & Innovation;Corporate Company (IT or Construction Industry);eCommerce, Startup, Small and Medium Enterprise;Independent Designer, Architect or Developer;Grassroot Movement, Local Association and Non-Profit;International NGOs and Third Sector;Individual Citizen";Neutral;Neutral;Pro (good relationship and mutual influence);Pro (good relationship and mutual influence);"Global promotional events and forums;Innovation and startup support structure;Business clusters and entrepreneurial ecosystems;Online (web forums and applications)";3;3;Yes;"Online Survey Studies;Mobile Voting Application;Community Project Management";One hour a month
2019/11/12 5:14:57 PM UTC+8;b. Woman;1980-09-29;2010-10-15;New Taipei City;5;"c. Word to mouth between friends, family and neighbors;d. Informational websites and Internet;i. Television";"a. Facebook;c. Youtube";a. Line;3. Private Sector;i. Independent Designer, Architect or Developer;l. Individual Citizen;Neutral;Neutral;Neutral;Neutral;None;1;1;a. Yes;a. Online Survey Studies;f. Less than one hour a year
2019/11/13 4:09:43 PM UTC+8;b. Woman;1969-09-05;2009-02-03;i. Nángang;7;"a. Social Medias (Facebook, Twitter, Youtube, LinkedIn, Instagram ... );b. Messaging Applications (Line, WhatsApp, WeChat, Slack, Telegram ... );d. Informational websites and Internet;e. Emails and Newsletters;i. Television";"a. Facebook;f. Instagram";a. Line;5. Media;g. Corporate Company (IT or Construction Industry);"d. Financial and Founding Partner;f. Private Research & Innovation;l. Individual Citizen";Neutral;Neutral;Neutral;Neutral;"b. Global promotional events and forums;g. Online (web forums and applications)";2;2;b. No;"a. Online Survey Studies;d. Mobile Voting Application";e. One hour a year
2019/12/09 6:13:05 PM UTC+8;a. Man;1990-02-01;2015-06-15;c. Dà'ān;8;"a. Social Medias (Facebook, Twitter, Youtube, LinkedIn, Instagram ... );c. Word to mouth between friends, family and neighbors;d. Informational websites and Internet;e. Emails and Newsletters;f. Print Communication (Books, Flyers, Independent Activist Newspapers ... );g. Newspaper Industry (Professional Journalism);j. City Council";"a. Facebook;b. Twitter;c. Youtube;d. Medium;e. LinkedIn;f. Instagram";"a. Line;Facebook Messenger ";1. Governmental & Public Sector;b. Government (Local);"b. Government (Local);h. eCommerce, Startup, Small and Medium Enterprise;j. Grassroot Movement, Local Association and Non-Profit;k. International NGOs and Third Sector";Pro (good relationship and mutual influence);Neutral;Neutral;Pro (good relationship and mutual influence);"c. Innovation and startup support structure;f. City Council or other Governmental Deliberative Assemblies;g. Online (web forums and applications)";5;3;a. Yes;"a. Online Survey Studies;b. Participative Workshops;c. One-to-one Interviews by phone, webcall or meeting;d. Mobile Voting Application;e. Community Project Management";b. One hour a day
2019/11/15 9:10:53 AM UTC+8;b. Woman;1994-11-22;2000-10-01;e. Zhōngzhèng;6;"a. Social Medias (Facebook, Twitter, Youtube, LinkedIn, Instagram ... );b. Messaging Applications (Line, WhatsApp, WeChat, Slack, Telegram ... );d. Informational websites and Internet;e. Emails and Newsletters";"a. Facebook;c. Youtube;d. Medium;e. LinkedIn;f. Instagram";"a. Line;facebook messenger";2. University Academics, Research & Innovation;e. Academic Research & University;"c. Public Services;f. Private Research & Innovation";Neutral;Pro (good relationship and mutual influence);Neutral;Neutral;"b. Global promotional events and forums;c. Innovation and startup support structure;g. Online (web forums and applications)";4;3;a. Yes;"a. Online Survey Studies;b. Participative Workshops;d. Mobile Voting Application";c. One hour a week
2019/11/21 2:14:13 PM UTC+8;a. 男性;1981-10-25;1999-09-01;j. Nèihú/內湖;5;"f. 印刷傳播（書籍，傳單，獨立維權報紙...）;g. 報紙（專業新聞）;i. 電視";a. Facebook;"a. Line;d. Slack;f. Messenger";2. 學術界（大學研究與創新相關）;l. 個人公民;"a. 政府（中央）;b. 政府（地方）;l. 個人公民";中立;中立;中立;親近（良好的關係和相互影響）;e. 都市基礎設施（如：公有房地產，公共交通系統，公共體育和休閒設施）;4;2;a. 會;"b. 實際參與研討會;d. 電子投票系統;e. 社區鄰里專案管理";c. 每週一個小時
2019/11/27 1:52:39 AM UTC+8;b. Woman;1983-12-30;2006-06-01;b. Xìnyì;4;"a. Social Medias (Facebook, Twitter, Youtube, LinkedIn, Instagram ... );c. Word to mouth between friends, family and neighbors;i. Television";"a. Facebook;e. LinkedIn;f. Instagram";"a. Line;b. Whatsapp";3. Private Sector;l. Individual Citizen;"a. Government (National);g. Corporate Company (IT or Construction Industry);k. International NGOs and Third Sector";Neutral;Neutral;Pro (good relationship and mutual influence);Pro (good relationship and mutual influence);"b. Global promotional events and forums;c. Innovation and startup support structure;d. Business clusters and entrepreneurial ecosystems;g. Online (web forums and applications)";4;3;a. Yes;"a. Online Survey Studies;c. One-to-one Interviews by phone, webcall or meeting;d. Mobile Voting Application";c. One hour a week
2019/11/19 9:06:07 AM UTC+8;b. Woman;1990-10-29;2990-06-01;ZhongHuo;7;"a. Social Medias (Facebook, Twitter, Youtube, LinkedIn, Instagram ... );d. Informational websites and Internet";"a. Facebook;b. Twitter;c. Youtube;e. LinkedIn;f. Instagram";"a. Line;b. Whatsapp";5. Media;h. eCommerce, Startup, Small and Medium Enterprise;h. eCommerce, Startup, Small and Medium Enterprise;Neutral;Neutral;Neutral;Neutral;c. Innovation and startup support structure;4;4;a. Yes;"a. Online Survey Studies;b. Participative Workshops";d. One hour a month
2019/11/08 1:15:36 PM UTC+8;b. Woman;1980-08-22;2005-06-22;Dà'ān;5;"Social Medias (Facebook, Twitter, Youtube, LinkedIn, Instagram ... );Messaging Applications (Line, WhatsApp, WeChat, Slack, Telegram ... );Word to mouth between friends, family and neighbors;Informational websites and Internet";"Facebook;Youtube";"Line;Whatsapp;WeChat";3. Private Sector;Individual Citizen;Individual Citizen;Neutral;Pro (good relationship and mutual influence);Pro (good relationship and mutual influence);Pro (good relationship and mutual influence);"Global promotional events and forums;Online (web forums and applications)";2;4;Yes;Online Survey Studies;One hour a week
2019/11/19 5:29:27 PM UTC+8;b. Woman;1997-09-02;1997-09-02;a. Sōngshān;3;"a. Social Medias (Facebook, Twitter, Youtube, LinkedIn, Instagram ... );c. Word to mouth between friends, family and neighbors;d. Informational websites and Internet;g. Newspaper Industry (Professional Journalism);i. Television";"a. Facebook;c. Youtube;e. LinkedIn;f. Instagram;Wechat";c. WeChat;2. University Academics, Research & Innovation;l. Individual Citizen;"a. Government (National);e. Academic Research & University;k. International NGOs and Third Sector;l. Individual Citizen";Pro (good relationship and mutual influence);Pro (good relationship and mutual influence);"Neutral;Contrary (bad relationship and oppositions in decision-making)";Pro (good relationship and mutual influence);"a. Neighborhood associations and district events;g. Online (web forums and applications)";2;3;a. Yes;"a. Online Survey Studies;c. One-to-one Interviews by phone, webcall or meeting;d. Mobile Voting Application";d. One hour a month
2019/11/12 7:09:00 PM UTC+8;a. Man;1982-02-16;1982-02-16;a. Sōngshān;2;"d. Informational websites and Internet;f. Print Communication (Books, Flyers, Independent Activist Newspapers ... );i. Television";"a. Facebook;c. Youtube;e. LinkedIn";a. Line;3. Private Sector;l. Individual Citizen;a. Government (National);Neutral;Neutral;Neutral;Neutral;g. Online (web forums and applications);4;2;a. Yes;"a. Online Survey Studies;d. Mobile Voting Application;e. Community Project Management";c. One hour a week
2019/11/08 9:32:20 PM UTC+8;b. Woman;2019-11-30;2019-11-20;Tamshui;3;Word to mouth between friends, family and neighbors;"Facebook;Twitter;Youtube;Instagram";"Line;Whatsapp;Messenger";2. University Academics, Research & Innovation;Government (Local);"Government (National);Government (Local)";Pro (good relationship and mutual influence);Pro (good relationship and mutual influence);Pro (good relationship and mutual influence);Pro (good relationship and mutual influence);"Global promotional events and forums;Innovation and startup support structure;Business clusters and entrepreneurial ecosystems;City Council or other Governmental Deliberative Assemblies";5;3;Yes;"Online Survey Studies;Participative Workshops;Mobile Voting Application;Community Project Management";One hour a week
2019/11/13 9:33:07 AM UTC+8;b. 女性;1983-05-10;2012-11-13;k. Shìlín/士林;7;"a. 社交媒體（Facebook，Twitter，Youtube，LinkedIn，Instagram ...）;b. 通訊軟體（Line，WhatsApp，WeChat，Slack，Telegram ...）;c. 朋友、家人和鄰居之間的口耳相傳;d. 信息網站和互聯網";a. Facebook;"a. Line;f. Messenger";4. 民間社會團體和第三部門 (志工團體）;i. 獨立設計師、建築師或開發商;"e. 學術研究與大學;j. 草根運動、地方性協會或非營利組織";中立;中立;親近（良好的關係和相互影響）;親近（良好的關係和相互影響）;g. 網路上（網路論壇和其他應用程式）;4;3;a. 會;"a. 網路上的研究調查;d. 電子投票系統";c. 每週一個小時
2019/11/18 10:08:07 PM UTC+8;a. 男性;1974-11-07;1974-11-07;k. Shìlín/士林;4;"a. 社交媒體（Facebook，Twitter，Youtube，LinkedIn，Instagram ...）;b. 通訊軟體（Line，WhatsApp，WeChat，Slack，Telegram ...）;c. 朋友、家人和鄰居之間的口耳相傳;d. 信息網站和互聯網;f. 印刷傳播（書籍，傳單，獨立維權報紙...）;g. 報紙（專業新聞）;h. 廣播";"a. Facebook;b. Twitter;c. Youtube;d. Medium";"a. Line;d. Slack;e. Telegram;f. Messenger";3. 私人部門;l. 個人公民;"a. 政府（中央）;b. 政府（地方）;c. 公共服務;d. 資金與創始合夥人;h. 電商、新創企業或中小企業;i. 獨立設計師、建築師或開發商";中立;親近（良好的關係和相互影響）;親近（良好的關係和相互影響）;中立;"a. 里民大會和社區活動;c. 創業和新創支援部門;d. 商業群聚和創業生態系統;g. 網路上（網路論壇和其他應用程式）";2;3;a. 會;"a. 網路上的研究調查;b. 實際參與研討會;c. 透過電話、網路電話或實際面談進行的一對一訪談;d. 電子投票系統;e. 社區鄰里專案管理";c. 每週一個小時
2019/11/17 2:42:47 AM UTC+8;b. Woman;1996-09-11;2019-09-11;c. Dà'ān;4;"a. Social Medias (Facebook, Twitter, Youtube, LinkedIn, Instagram ... );b. Messaging Applications (Line, WhatsApp, WeChat, Slack, Telegram ... );c. Word to mouth between friends, family and neighbors;d. Informational websites and Internet";"a. Facebook;c. Youtube;f. Instagram";a. Line;4. Civil Society, Social and Third Sector;h. eCommerce, Startup, Small and Medium Enterprise;"a. Government (National);c. Public Services;e. Academic Research & University;f. Private Research & Innovation";Pro (good relationship and mutual influence);Neutral;Pro (good relationship and mutual influence);Pro (good relationship and mutual influence);"a. Neighborhood associations and district events;g. Online (web forums and applications)";5;4;a. Yes;"a. Online Survey Studies;c. One-to-one Interviews by phone, webcall or meeting;d. Mobile Voting Application";c. One hour a week
2019/11/13 10:18:27 AM UTC+8;b. 女性;1996-06-09;2014-09-01;c. Dà'ān/大安;8;"a. 社交媒體（Facebook，Twitter，Youtube，LinkedIn，Instagram ...）;c. 朋友、家人和鄰居之間的口耳相傳;d. 信息網站和互聯網";"a. Facebook;c. Youtube;f. Instagram;g. Pinterest";"a. Line;f. Messenger";2. 學術界（大學研究與創新相關）;i. 獨立設計師、建築師或開發商;"a. 政府（中央）;h. 電商、新創企業或中小企業;i. 獨立設計師、建築師或開發商;l. 個人公民";中立;中立;中立;中立;g. 網路上（網路論壇和其他應用程式）;1;4;a. 會;a. 網路上的研究調查;b. 每天一個小時
2019/11/13 10:57:14 AM UTC+8;b. 女性;1994-04-28;1999-07-01;j. Nèihú/內湖;4;"a. 社交媒體（Facebook，Twitter，Youtube，LinkedIn，Instagram ...）;b. 通訊軟體（Line，WhatsApp，WeChat，Slack，Telegram ...）;d. 信息網站和互聯網;e. 電子郵件和新聞通訊;j. 市議會";"a. Facebook;c. Youtube;e. LinkedIn";"a. Line;d. Slack;f. Messenger";4. 民間社會團體和第三部門 (志工團體）;j. 草根運動、地方性協會或非營利組織;"j. 草根運動、地方性協會或非營利組織;l. 個人公民";中立;親近（良好的關係和相互影響）;中立;親近（良好的關係和相互影響）;"b. 全球性活動和論壇;c. 創業和新創支援部門;f. 市議會或其他政府公聽會;g. 網路上（網路論壇和其他應用程式）";5;4;a. 會;"a. 網路上的研究調查;b. 實際參與研討會;c. 透過電話、網路電話或實際面談進行的一對一訪談;d. 電子投票系統";b. 每天一個小時
2019/12/02 11:04:03 AM UTC+8;b. 女性;1971-05-15;1991-09-01;New Taipei City;6;"e. 電子郵件和新聞通訊;f. 印刷傳播（書籍，傳單，獨立維權報紙...）;g. 報紙（專業新聞）;h. 廣播;i. 電視";c. Youtube;a. Line;2. 學術界（大學研究與創新相關）;g. 財團法人（資訊科技或營造業相關）;a. 政府（中央）;親近（良好的關係和相互影響）;親近（良好的關係和相互影響）;中立;中立;"b. 全球性活動和論壇;c. 創業和新創支援部門;d. 商業群聚和創業生態系統";4;4;a. 會;"a. 網路上的研究調查;b. 實際參與研討會";c. 每週一個小時
2019/11/15 10:51:41 PM UTC+8;a. Man;1967-09-16;1967-09-16;h. Wénshān;2;"a. Social Medias (Facebook, Twitter, Youtube, LinkedIn, Instagram ... );b. Messaging Applications (Line, WhatsApp, WeChat, Slack, Telegram ... );d. Informational websites and Internet;e. Emails and Newsletters";"a. Facebook;c. Youtube;f. Instagram";"a. Line;c. WeChat";2. University Academics, Research & Innovation;g. Corporate Company (IT or Construction Industry);"d. Financial and Founding Partner;g. Corporate Company (IT or Construction Industry);h. eCommerce, Startup, Small and Medium Enterprise";Neutral;Neutral;Neutral;Neutral;"b. Global promotional events and forums;c. Innovation and startup support structure;d. Business clusters and entrepreneurial ecosystems";3;2;b. No;"a. Online Survey Studies;c. One-to-one Interviews by phone, webcall or meeting;d. Mobile Voting Application";d. One hour a month
2019/11/14 6:34:22 PM UTC+8;a. Man;1984-11-14;2019-04-02;h. Wénshān;9;"a. Social Medias (Facebook, Twitter, Youtube, LinkedIn, Instagram ... );b. Messaging Applications (Line, WhatsApp, WeChat, Slack, Telegram ... );c. Word to mouth between friends, family and neighbors;d. Informational websites and Internet;e. Emails and Newsletters";"a. Facebook;c. Youtube;e. LinkedIn";"a. Line;b. Whatsapp";2. University Academics, Research & Innovation;e. Academic Research & University;"a. Government (National);e. Academic Research & University;l. Individual Citizen";Neutral;Pro (good relationship and mutual influence);Neutral;Pro (good relationship and mutual influence);"a. Neighborhood associations and district events;b. Global promotional events and forums;f. City Council or other Governmental Deliberative Assemblies";3;2;a. Yes;"b. Participative Workshops;d. Mobile Voting Application;e. Community Project Management";c. One hour a week
2019/11/15 10:00:38 AM UTC+8;a. Man;1952-02-28;1999-10-15;b. Xìnyì;1;"c. Word to mouth between friends, family and neighbors;d. Informational websites and Internet;g. Newspaper Industry (Professional Journalism)";e. LinkedIn;"a. Line;b. Whatsapp;c. WeChat";3. Private Sector;h. eCommerce, Startup, Small and Medium Enterprise;"c. Public Services;h. eCommerce, Startup, Small and Medium Enterprise;l. Individual Citizen";Neutral;Neutral;Pro (good relationship and mutual influence);Neutral;d. Business clusters and entrepreneurial ecosystems;3;4;b. No;a. Online Survey Studies;d. One hour a month
2019/11/26 9:37:04 AM UTC+8;a. Man;1969-07-27;1991-03-15;new taipei city, chung ho district.;5;"b. Messaging Applications (Line, WhatsApp, WeChat, Slack, Telegram ... );c. Word to mouth between friends, family and neighbors;h. Radio;i. Television";a. Facebook;a. Line;3. Private Sector;g. Corporate Company (IT or Construction Industry);"a. Government (National);b. Government (Local)";Neutral;Neutral;Neutral;Neutral;d. Business clusters and entrepreneurial ecosystems;2;1;a. Yes;"a. Online Survey Studies;b. Participative Workshops;d. Mobile Voting Application;e. Community Project Management";b. One hour a day
2019/11/12 12:16:27 AM UTC+8;b. Woman;1969-02-10;1972-02-01;;10;a. Social Medias (Facebook, Twitter, Youtube, LinkedIn, Instagram ... );a. Facebook;None;3. Private Sector;l. Individual Citizen;l. Individual Citizen;Neutral;Neutral;Neutral;Neutral;I don't meet decision maker regularly;2;3;a. Yes;a. Online Survey Studies;d. One hour a month
2019/11/09 1:49:22 PM UTC+8;a. Man;1974-01-01;2002-01-01;Xizhi;4;Observation in community and surroundings;Newspaper;Whatsapp;1. Governmental & Public Sector;Individual Citizen;Individual Citizen;Neutral;Neutral;Neutral;Neutral;"Online (web forums and applications);1999";3;2;Yes;"One-to-one Interviews by phone, webcall or meeting;Community Project Management";More than one hour a day
2019/11/17 4:49:38 PM UTC+8;a. Man;1956-02-08;1974-09-01;e. Zhōngzhèng;1;"a. Social Medias (Facebook, Twitter, Youtube, LinkedIn, Instagram ... );d. Informational websites and Internet;e. Emails and Newsletters;f. Print Communication (Books, Flyers, Independent Activist Newspapers ... );i. Television";"a. Facebook;c. Youtube";"a. Line;c. WeChat";4. Civil Society, Social and Third Sector;l. Individual Citizen;"g. Corporate Company (IT or Construction Industry);i. Independent Designer, Architect or Developer;l. Individual Citizen";Neutral;Neutral;Neutral;Neutral;"b. Global promotional events and forums;d. Business clusters and entrepreneurial ecosystems;e. Urban Infrastructure (Public Real-Estate, Transportation systems, Public Sport and Leisure areas);f. City Council or other Governmental Deliberative Assemblies;g. Online (web forums and applications)";3;3;a. Yes;"a. Online Survey Studies;b. Participative Workshops;c. One-to-one Interviews by phone, webcall or meeting;d. Mobile Voting Application;e. Community Project Management";c. One hour a week
2019/11/13 10:04:45 AM UTC+8;b. 女性;1981-06-23;1999-09-20;d. Zhōngshān/中山;3;"a. 社交媒體（Facebook，Twitter，Youtube，LinkedIn，Instagram ...）;b. 通訊軟體（Line，WhatsApp，WeChat，Slack，Telegram ...）;c. 朋友、家人和鄰居之間的口耳相傳;d. 信息網站和互聯網;h. 廣播;i. 電視";"a. Facebook;f. Instagram";"a. Line;f. Messenger";3. 私人部門;h. 電商、新創企業或中小企業;"a. 政府（中央）;d. 資金與創始合夥人;l. 個人公民";中立;中立;中立;中立;g. 網路上（網路論壇和其他應用程式）;1;3;b. 不會;"a. 網路上的研究調查;d. 電子投票系統";c. 每週一個小時
2019/11/26 3:15:59 PM UTC+8;b. 女性;1975-05-03;1975-05-03;b. Xìnyì/信義;5;"a. 社交媒體（Facebook，Twitter，Youtube，LinkedIn，Instagram ...）;b. 通訊軟體（Line，WhatsApp，WeChat，Slack，Telegram ...）;c. 朋友、家人和鄰居之間的口耳相傳";"a. Facebook;c. Youtube";"a. Line;c. WeChat;f. Messenger";5. 媒體;h. 電商、新創企業或中小企業;"a. 政府（中央）;b. 政府（地方）;d. 資金與創始合夥人;f. 私人研究與創新公司;g. 財團法人（資訊科技或營造業相關）;h. 電商、新創企業或中小企業";中立;中立;親近（良好的關係和相互影響）;親近（良好的關係和相互影響）;"b. 全球性活動和論壇;c. 創業和新創支援部門;d. 商業群聚和創業生態系統;e. 都市基礎設施（如：公有房地產，公共交通系統，公共體育和休閒設施）;g. 網路上（網路論壇和其他應用程式）";3;3;a. 會;"a. 網路上的研究調查;b. 實際參與研討會;c. 透過電話、網路電話或實際面談進行的一對一訪談;d. 電子投票系統";b. 每天一個小時
2019/11/10 2:31:09 PM UTC+8;a. Man;1992-07-03;2018-05-28;Xìnyì;8;"Social Medias (Facebook, Twitter, Youtube, LinkedIn, Instagram ... );Word to mouth between friends, family and neighbors;Informational websites and Internet";"Facebook;Youtube;Medium";"Line;Slack";3. Private Sector;Corporate Company (IT or Construction Industry);Corporate Company (IT or Construction Industry);Contrary (bad relationship and oppositions in decision-making);Neutral;Neutral;Neutral;"Innovation and startup support structure;Urban Infrastructure (Public Real-Estate, Transportation systems, Public Sport and Leisure areas)";3;4;Yes;"Online Survey Studies;Participative Workshops";One hour a week
2019/11/21 5:53:26 PM UTC+8;b. Woman;1989-09-12;2019-11-01;New Taipei City;1;"e. Emails and Newsletters;f. Print Communication (Books, Flyers, Independent Activist Newspapers ... );g. Newspaper Industry (Professional Journalism);j. City Council";"a. Facebook;f. Instagram";Messanger ;5. Media;i. Independent Designer, Architect or Developer;k. International NGOs and Third Sector;Neutral;Pro (good relationship and mutual influence);Pro (good relationship and mutual influence);Pro (good relationship and mutual influence);"a. Neighborhood associations and district events;c. Innovation and startup support structure";5;3;a. Yes;"a. Online Survey Studies;b. Participative Workshops;c. One-to-one Interviews by phone, webcall or meeting;d. Mobile Voting Application";d. One hour a month
2019/11/18 9:34:33 PM UTC+8;b. Woman;1994-07-16;1994-07-16;a. Sōngshān;5;"c. Word to mouth between friends, family and neighbors;g. Newspaper Industry (Professional Journalism);h. Radio;i. Television";"c. Youtube;e. LinkedIn;f. Instagram";iMessage;3. Private Sector;l. Individual Citizen;"b. Government (Local);e. Academic Research & University;f. Private Research & Innovation";Neutral;Pro (good relationship and mutual influence);Neutral;Neutral;g. Online (web forums and applications);3;4;a. Yes;"a. Online Survey Studies;c. One-to-one Interviews by phone, webcall or meeting";c. One hour a week
2019/11/09 2:07:48 AM UTC+8;b. Woman;1998-05-27;2019-06-23;Nèihú;5;"Social Medias (Facebook, Twitter, Youtube, LinkedIn, Instagram ... );Word to mouth between friends, family and neighbors;Informational websites and Internet";"Facebook;Instagram;Snapchat";"Line;Whatsapp";4. Civil Society, Social and Third Sector;eCommerce, Startup, Small and Medium Enterprise;"Government (Local);Academic Research & University;Private Research & Innovation;eCommerce, Startup, Small and Medium Enterprise;Individual Citizen";Neutral;Neutral;Neutral;Neutral;"Neighborhood associations and district events;Global promotional events and forums;Urban Infrastructure (Public Real-Estate, Transportation systems, Public Sport and Leisure areas)";3;2;Yes;"Online Survey Studies;Participative Workshops;Mobile Voting Application";One hour a month
2019/11/09 1:53:47 PM UTC+8;a. Man;1975-08-18;0024-01-01;Banqiao;1;"Social Medias (Facebook, Twitter, Youtube, LinkedIn, Instagram ... );Emails and Newsletters";Facebook;Line;3. Private Sector;Corporate Company (IT or Construction Industry);Grassroot Movement, Local Association and Non-Profit;Neutral;Neutral;Pro (good relationship and mutual influence);Neutral;Online (web forums and applications);5;4;Yes;"Online Survey Studies;Mobile Voting Application;Community Project Management";One hour a month
2019/11/12 6:07:22 PM UTC+8;b. Woman;1980-01-30;1980-01-30;i. Nángang;6;"a. Social Medias (Facebook, Twitter, Youtube, LinkedIn, Instagram ... );c. Word to mouth between friends, family and neighbors;g. Newspaper Industry (Professional Journalism)";"a. Facebook;c. Youtube;f. Instagram";a. Line;3. Private Sector;l. Individual Citizen;l. Individual Citizen;Neutral;Neutral;Neutral;Neutral;g. Online (web forums and applications);3;3;b. No;d. Mobile Voting Application;f. Less than one hour a year
2019/11/19 10:52:54 PM UTC+8;a. Man;1981-11-16;2012-07-01;Banchiao;7;"a. Social Medias (Facebook, Twitter, Youtube, LinkedIn, Instagram ... );b. Messaging Applications (Line, WhatsApp, WeChat, Slack, Telegram ... );e. Emails and Newsletters;i. Television";"a. Facebook;c. Youtube;e. LinkedIn;f. Instagram";a. Line;3. Private Sector;l. Individual Citizen;"i. Independent Designer, Architect or Developer;j. Grassroot Movement, Local Association and Non-Profit;l. Individual Citizen";Contrary (bad relationship and oppositions in decision-making);Neutral;Pro (good relationship and mutual influence);Pro (good relationship and mutual influence);"c. Innovation and startup support structure;d. Business clusters and entrepreneurial ecosystems";2;4;;b. Participative Workshops;d. One hour a month
2019/11/10 5:41:41 PM UTC+8;b. Woman;1992-02-11;2017-04-10;Zhōngshān;1;"Social Medias (Facebook, Twitter, Youtube, LinkedIn, Instagram ... );Word to mouth between friends, family and neighbors;Informational websites and Internet;Print Communication (Books, Flyers, Independent Activist Newspapers ... );Television";"Facebook;Youtube;Instagram";"Line;Whatsapp;Messenger o";2. University Academics, Research & Innovation;Academic Research & University;"Government (National);Government (Local)";Neutral;Neutral;Neutral;Neutral;City Council or other Governmental Deliberative Assemblies;1;2;No;Online Survey Studies;One hour a month
2019/11/10 10:23:36 PM UTC+8;a. Man;1974-12-01;2011-11-10;Nèihú;5;"Social Medias (Facebook, Twitter, Youtube, LinkedIn, Instagram ... );Messaging Applications (Line, WhatsApp, WeChat, Slack, Telegram ... );Informational websites and Internet;Newspaper Industry (Professional Journalism);Radio";"Facebook;LinkedIn;Line";"Line;Telegram;Messenger ";4. Civil Society, Social and Third Sector;Individual Citizen;"Government (National);Academic Research & University;Grassroot Movement, Local Association and Non-Profit";Neutral;Pro (good relationship and mutual influence);Contrary (bad relationship and oppositions in decision-making);Pro (good relationship and mutual influence);"Innovation and startup support structure;Business clusters and entrepreneurial ecosystems;Online (web forums and applications)";5;4;Yes;"Online Survey Studies;Participative Workshops;One-to-one Interviews by phone, webcall or meeting;Mobile Voting Application;Community Project Management";One hour a week
2019/11/20 7:39:10 PM UTC+8;a. 男性;1996-10-01;2015-07-01;h. Wénshān/文山;3;"a. 社交媒體（Facebook，Twitter，Youtube，LinkedIn，Instagram ...）;b. 通訊軟體（Line，WhatsApp，WeChat，Slack，Telegram ...）;c. 朋友、家人和鄰居之間的口耳相傳;d. 信息網站和互聯網";"a. Facebook;c. Youtube;f. Instagram";"a. Line;e. Telegram;f. Messenger";4. 民間社會團體和第三部門 (志工團體）;j. 草根運動、地方性協會或非營利組織;"e. 學術研究與大學;f. 私人研究與創新公司;g. 財團法人（資訊科技或營造業相關）;h. 電商、新創企業或中小企業;i. 獨立設計師、建築師或開發商;j. 草根運動、地方性協會或非營利組織;k. 國際非政府組織和第三部門;l. 個人公民";中立;親近（良好的關係和相互影響）;中立;親近（良好的關係和相互影響）;"b. 全球性活動和論壇;c. 創業和新創支援部門;g. 網路上（網路論壇和其他應用程式）";5;4;a. 會;"a. 網路上的研究調查;b. 實際參與研討會;c. 透過電話、網路電話或實際面談進行的一對一訪談;d. 電子投票系統";c. 每週一個小時
2019/11/13 10:40:19 AM UTC+8;b. 女性;1996-05-21;2014-06-29;c. Dà'ān/大安;5;"a. 社交媒體（Facebook，Twitter，Youtube，LinkedIn，Instagram ...）;b. 通訊軟體（Line，WhatsApp，WeChat，Slack，Telegram ...）;c. 朋友、家人和鄰居之間的口耳相傳;d. 信息網站和互聯網;e. 電子郵件和新聞通訊;g. 報紙（專業新聞）;h. 廣播";"a. Facebook;d. Medium;e. LinkedIn;f. Instagram;g. Pinterest";"a. Line;b. Whatsapp;f. Messenger;Skype";5. 媒體;l. 個人公民;"a. 政府（中央）;b. 政府（地方）;h. 電商、新創企業或中小企業;j. 草根運動、地方性協會或非營利組織;k. 國際非政府組織和第三部門";中立;中立;中立;中立;"c. 創業和新創支援部門;d. 商業群聚和創業生態系統;e. 都市基礎設施（如：公有房地產，公共交通系統，公共體育和休閒設施）;g. 網路上（網路論壇和其他應用程式）";3;3;b. 不會;a. 網路上的研究調查;c. 每週一個小時
2019/11/20 7:02:33 PM UTC+8;a. 男性;2019-11-20;2019-09-04;c. Dà'ān/大安;7;"a. 社交媒體（Facebook，Twitter，Youtube，LinkedIn，Instagram ...）;d. 信息網站和互聯網;f. 印刷傳播（書籍，傳單，獨立維權報紙...）;g. 報紙（專業新聞）";"a. Facebook;e. LinkedIn";"a. Line;b. Whatsapp";2. 學術界（大學研究與創新相關）;e. 學術研究與大學;"g. 財團法人（資訊科技或營造業相關）;j. 草根運動、地方性協會或非營利組織;k. 國際非政府組織和第三部門";中立;親近（良好的關係和相互影響）;中立;親近（良好的關係和相互影響）;"b. 全球性活動和論壇;d. 商業群聚和創業生態系統";4;3;a. 會;"b. 實際參與研討會;e. 社區鄰里專案管理";c. 每週一個小時
2019/11/13 4:50:15 AM UTC+8;b. Woman;1997-05-16;2017-08-20;e. Zhōngzhèng;10;"b. Messaging Applications (Line, WhatsApp, WeChat, Slack, Telegram ... );c. Word to mouth between friends, family and neighbors;d. Informational websites and Internet";"a. Facebook;f. Instagram";a. Line;1. Governmental & Public Sector;l. Individual Citizen;"c. Public Services;h. eCommerce, Startup, Small and Medium Enterprise";Neutral;Pro (good relationship and mutual influence);Pro (good relationship and mutual influence);Neutral;"b. Global promotional events and forums;e. Urban Infrastructure (Public Real-Estate, Transportation systems, Public Sport and Leisure areas);g. Online (web forums and applications)";5;2;a. Yes;"a. Online Survey Studies;b. Participative Workshops;e. Community Project Management";c. One hour a week
2019/11/08 5:15:19 PM UTC+8;b. Woman;1981-01-04;2012-06-25;Zhōngzhèng;1;"Social Medias (Facebook, Twitter, Youtube, LinkedIn, Instagram ... );Informational websites and Internet;Newspaper Industry (Professional Journalism);Television;The reporter https://www.twreporter.org/";"Facebook;Youtube";"Line;Whatsapp";2. University Academics, Research & Innovation;Individual Citizen;"Grassroot Movement, Local Association and Non-Profit;International NGOs and Third Sector";Contrary (bad relationship and oppositions in decision-making);Neutral;Contrary (bad relationship and oppositions in decision-making);Contrary (bad relationship and oppositions in decision-making);"Innovation and startup support structure;Online (web forums and applications)";2;3;Yes;"Online Survey Studies;Participative Workshops;Community Project Management";One hour a week
2019/11/14 9:57:13 AM UTC+8;b. Woman;1993-08-03;2015-09-01;b. Xìnyì;1;"c. Word to mouth between friends, family and neighbors;d. Informational websites and Internet;f. Print Communication (Books, Flyers, Independent Activist Newspapers ... );g. Newspaper Industry (Professional Journalism);i. Television";"c. Youtube;d. Medium;e. LinkedIn;f. Instagram";"a. Line;d. Slack";4. Civil Society, Social and Third Sector;l. Individual Citizen;"a. Government (National);e. Academic Research & University;f. Private Research & Innovation";Neutral;Neutral;Pro (good relationship and mutual influence);Pro (good relationship and mutual influence);"c. Innovation and startup support structure;d. Business clusters and entrepreneurial ecosystems";2;5;a. Yes;"a. Online Survey Studies;b. Participative Workshops;c. One-to-one Interviews by phone, webcall or meeting;d. Mobile Voting Application";b. One hour a day
2019/11/16 4:16:04 PM UTC+8;a. 男性;1999-01-20;2017-09-01;c. Dà'ān/大安;8;"a. 社交媒體（Facebook，Twitter，Youtube，LinkedIn，Instagram ...）;b. 通訊軟體（Line，WhatsApp，WeChat，Slack，Telegram ...）;d. 信息網站和互聯網";"a. Facebook;c. Youtube;d. Medium;f. Instagram";"a. Line;d. Slack";2. 學術界（大學研究與創新相關）;l. 個人公民;"a. 政府（中央）;b. 政府（地方）;e. 學術研究與大學";親近（良好的關係和相互影響）;親近（良好的關係和相互影響）;中立;親近（良好的關係和相互影響）;"b. 全球性活動和論壇;c. 創業和新創支援部門;g. 網路上（網路論壇和其他應用程式）";5;2;a. 會;"a. 網路上的研究調查;b. 實際參與研討會;d. 電子投票系統";b. 每天一個小時
2019/11/18 12:33:55 PM UTC+8;b. Woman;1988-12-11;2012-03-01;b. Xìnyì;6;"a. Social Medias (Facebook, Twitter, Youtube, LinkedIn, Instagram ... );b. Messaging Applications (Line, WhatsApp, WeChat, Slack, Telegram ... );c. Word to mouth between friends, family and neighbors;d. Informational websites and Internet;e. Emails and Newsletters";"a. Facebook;e. LinkedIn;f. Instagram";"a. Line;b. Whatsapp;c. WeChat";3. Private Sector;g. Corporate Company (IT or Construction Industry);"a. Government (National);b. Government (Local);e. Academic Research & University;g. Corporate Company (IT or Construction Industry)";Neutral;Neutral;Neutral;Neutral;"d. Business clusters and entrepreneurial ecosystems;g. Online (web forums and applications)";3;3;a. Yes;"a. Online Survey Studies;d. Mobile Voting Application";f. Less than one hour a year
2019/11/18 2:36:11 PM UTC+8;a. Man;1980-10-20;1980-10-20;Tamshui Dist. New Taipei City;3;"a. Social Medias (Facebook, Twitter, Youtube, LinkedIn, Instagram ... );d. Informational websites and Internet;e. Emails and Newsletters";"a. Facebook;c. Youtube;e. LinkedIn;f. Instagram";a. Line;3. Private Sector;g. Corporate Company (IT or Construction Industry);"a. Government (National);d. Financial and Founding Partner;e. Academic Research & University;f. Private Research & Innovation;h. eCommerce, Startup, Small and Medium Enterprise";Neutral;Neutral;Pro (good relationship and mutual influence);Neutral;"c. Innovation and startup support structure;d. Business clusters and entrepreneurial ecosystems;g. Online (web forums and applications)";1;4;b. No;"a. Online Survey Studies;b. Participative Workshops;d. Mobile Voting Application";c. One hour a week
2019/11/08 5:35:44 PM UTC+8;a. Man;2019-08-12;1994-08-12;Zhōngzhèng;5;"Social Medias (Facebook, Twitter, Youtube, LinkedIn, Instagram ... );Messaging Applications (Line, WhatsApp, WeChat, Slack, Telegram ... );Informational websites and Internet";"Facebook;Instagram";Line;1. Governmental & Public Sector;Individual Citizen;"Government (National);Public Services";Neutral;Neutral;Neutral;Neutral;"Global promotional events and forums;City Council or other Governmental Deliberative Assemblies;Online (web forums and applications)";4;4;Yes;"Online Survey Studies;Mobile Voting Application";One hour a month
2019/11/16 7:23:29 AM UTC+8;b. Woman;1992-07-23;2012-09-14;d. Zhōngshān;5;c. Word to mouth between friends, family and neighbors;"a. Facebook;c. Youtube;e. LinkedIn;f. Instagram;h. Snapchat;Whatsapp";b. Whatsapp;1. Governmental & Public Sector;e. Academic Research & University;g. Corporate Company (IT or Construction Industry);Neutral;Pro (good relationship and mutual influence);Neutral;Neutral;a. Neighborhood associations and district events;3;3;a. Yes;e. Community Project Management;b. One hour a day
2019/11/10 2:00:13 AM UTC+8;a. Man;1990-07-22;2015-09-10;Wénshān;2;"Social Medias (Facebook, Twitter, Youtube, LinkedIn, Instagram ... );Messaging Applications (Line, WhatsApp, WeChat, Slack, Telegram ... );Informational websites and Internet";"Facebook;Instagram";Line;2. University Academics, Research & Innovation;Corporate Company (IT or Construction Industry);"Government (National);Grassroot Movement, Local Association and Non-Profit;International NGOs and Third Sector";Neutral;Neutral;Neutral;Neutral;"Global promotional events and forums;Online (web forums and applications)";2;4;Yes;"Online Survey Studies;Mobile Voting Application;Community Project Management";One hour a day
2019/11/15 8:51:00 AM UTC+8;a. Man;1983-06-01;2012-10-31;d. Zhōngshān;2;"a. Social Medias (Facebook, Twitter, Youtube, LinkedIn, Instagram ... );c. Word to mouth between friends, family and neighbors;d. Informational websites and Internet;e. Emails and Newsletters;g. Newspaper Industry (Professional Journalism)";"c. Youtube;e. LinkedIn;f. Instagram";a. Line;3. Private Sector;g. Corporate Company (IT or Construction Industry);"a. Government (National);g. Corporate Company (IT or Construction Industry)";Neutral;Neutral;Neutral;Neutral;Forums or events with guest speakers;3;4;a. Yes;"a. Online Survey Studies;b. Participative Workshops;d. Mobile Voting Application";d. One hour a month
2019/11/15 9:07:11 AM UTC+8;b. Woman;1991-06-11;2013-09-01;New Taipei City 板橋;7;"a. Social Medias (Facebook, Twitter, Youtube, LinkedIn, Instagram ... );b. Messaging Applications (Line, WhatsApp, WeChat, Slack, Telegram ... );c. Word to mouth between friends, family and neighbors;d. Informational websites and Internet;e. Emails and Newsletters";"a. Facebook;c. Youtube;d. Medium;e. LinkedIn;f. Instagram;g. Pinterest";a. Line;5. Media;h. eCommerce, Startup, Small and Medium Enterprise;"g. Corporate Company (IT or Construction Industry);h. eCommerce, Startup, Small and Medium Enterprise;i. Independent Designer, Architect or Developer";Neutral;Neutral;Neutral;Pro (good relationship and mutual influence);"a. Neighborhood associations and district events;d. Business clusters and entrepreneurial ecosystems;e. Urban Infrastructure (Public Real-Estate, Transportation systems, Public Sport and Leisure areas);g. Online (web forums and applications)";4;4;a. Yes;"a. Online Survey Studies;b. Participative Workshops;d. Mobile Voting Application;e. Community Project Management";c. One hour a week
2019/11/21 11:57:13 AM UTC+8;a. Man;1967-07-15;1985-08-01;j. Nèihú;8;"a. Social Medias (Facebook, Twitter, Youtube, LinkedIn, Instagram ... );b. Messaging Applications (Line, WhatsApp, WeChat, Slack, Telegram ... );d. Informational websites and Internet;g. Newspaper Industry (Professional Journalism)";"a. Facebook;c. Youtube;e. LinkedIn;f. Instagram";"a. Line;c. WeChat";3. Private Sector;g. Corporate Company (IT or Construction Industry);"a. Government (National);b. Government (Local);g. Corporate Company (IT or Construction Industry);h. eCommerce, Startup, Small and Medium Enterprise";Neutral;Neutral;Pro (good relationship and mutual influence);Contrary (bad relationship and oppositions in decision-making);"c. Innovation and startup support structure;d. Business clusters and entrepreneurial ecosystems";4;3;a. Yes;"a. Online Survey Studies;d. Mobile Voting Application";c. One hour a week
2019/11/08 1:10:03 PM UTC+8;b. Woman;2019-02-22;2015-09-10;Dà'ān;1;"Social Medias (Facebook, Twitter, Youtube, LinkedIn, Instagram ... );Messaging Applications (Line, WhatsApp, WeChat, Slack, Telegram ... );Word to mouth between friends, family and neighbors;Informational websites and Internet;Emails and Newsletters;Newspaper Industry (Professional Journalism);Radio";"Facebook;Youtube;Instagram";"Line;FB messenger ";2. University Academics, Research & Innovation;Academic Research & University;"Academic Research & University;Independent Designer, Architect or Developer;International NGOs and Third Sector;Individual Citizen";Neutral;Pro (good relationship and mutual influence);Neutral;Pro (good relationship and mutual influence);"Urban Infrastructure (Public Real-Estate, Transportation systems, Public Sport and Leisure areas);City Council or other Governmental Deliberative Assemblies;Online (web forums and applications)";2;4;Yes;"Online Survey Studies;Participative Workshops;Mobile Voting Application";One hour a week
2019/11/20 10:41:10 PM UTC+8;a. 男性;1982-07-18;2008-04-01;d. Zhōngshān/中山;4;"a. 社交媒體（Facebook，Twitter，Youtube，LinkedIn，Instagram ...）;b. 通訊軟體（Line，WhatsApp，WeChat，Slack，Telegram ...）;c. 朋友、家人和鄰居之間的口耳相傳;d. 信息網站和互聯網;e. 電子郵件和新聞通訊";"b. Twitter;c. Youtube;d. Medium";"a. Line;d. Slack;e. Telegram;f. Messenger";4. 民間社會團體和第三部門 (志工團體）;l. 個人公民;"a. 政府（中央）;b. 政府（地方）;c. 公共服務;f. 私人研究與創新公司;g. 財團法人（資訊科技或營造業相關）;i. 獨立設計師、建築師或開發商;j. 草根運動、地方性協會或非營利組織;l. 個人公民";中立;中立;中立;親近（良好的關係和相互影響）;"b. 全球性活動和論壇;c. 創業和新創支援部門;d. 商業群聚和創業生態系統;g. 網路上（網路論壇和其他應用程式）";5;4;a. 會;"a. 網路上的研究調查;d. 電子投票系統";b. 每天一個小時
2019/11/19 8:52:16 PM UTC+8;b. Woman;1992-01-22;2019-10-01;j. Nèihú;4;"a. Social Medias (Facebook, Twitter, Youtube, LinkedIn, Instagram ... );b. Messaging Applications (Line, WhatsApp, WeChat, Slack, Telegram ... );c. Word to mouth between friends, family and neighbors";"a. Facebook;d. Medium;f. Instagram";"a. Line;d. Slack";1. Governmental & Public Sector;i. Independent Designer, Architect or Developer;"a. Government (National);l. Individual Citizen";Neutral;Neutral;Neutral;Neutral;g. Online (web forums and applications);2;2;a. Yes;"a. Online Survey Studies;b. Participative Workshops;c. One-to-one Interviews by phone, webcall or meeting;d. Mobile Voting Application";d. One hour a month
2019/11/17 8:50:47 PM UTC+8;a. Man;1985-09-20;1985-09-20;k. Shìlín;4;"a. Social Medias (Facebook, Twitter, Youtube, LinkedIn, Instagram ... );c. Word to mouth between friends, family and neighbors;i. Television";"a. Facebook;e. LinkedIn;f. Instagram";d. Slack;2. University Academics, Research & Innovation;i. Independent Designer, Architect or Developer;"e. Academic Research & University;f. Private Research & Innovation;h. eCommerce, Startup, Small and Medium Enterprise";Neutral;Neutral;Neutral;Neutral;g. Online (web forums and applications);4;4;a. Yes;"a. Online Survey Studies;b. Participative Workshops;e. Community Project Management";c. One hour a week
2019/12/17 2:58:21 AM UTC+8;a. 男性;1984-10-12;2013-03-06;d. Zhōngshān/中山;3;"a. 社交媒體（Facebook，Twitter，Youtube，LinkedIn，Instagram ...）;c. 朋友、家人和鄰居之間的口耳相傳";"a. Facebook;c. Youtube";"a. Line;c. WeChat;f. Messenger";3. 私人部門;f. 私人研究與創新公司;"a. 政府（中央）;j. 草根運動、地方性協會或非營利組織;l. 個人公民";親近（良好的關係和相互影響）;中立;中立;親近（良好的關係和相互影響）;"c. 創業和新創支援部門;g. 網路上（網路論壇和其他應用程式）";5;3;a. 會;d. 電子投票系統;c. 每週一個小時
2019/11/24 1:49:10 PM UTC+8;a. Man;1997-01-16;1997-01-16;New Taipei City - Yungho Dist.;3;"a. Social Medias (Facebook, Twitter, Youtube, LinkedIn, Instagram ... );d. Informational websites and Internet;f. Print Communication (Books, Flyers, Independent Activist Newspapers ... );g. Newspaper Industry (Professional Journalism);j. City Council";"a. Facebook;c. Youtube;d. Medium;e. LinkedIn;f. Instagram";d. Slack;2. University Academics, Research & Innovation;i. Independent Designer, Architect or Developer;"e. Academic Research & University;f. Private Research & Innovation;h. eCommerce, Startup, Small and Medium Enterprise;i. Independent Designer, Architect or Developer;j. Grassroot Movement, Local Association and Non-Profit;k. International NGOs and Third Sector";Contrary (bad relationship and oppositions in decision-making);Pro (good relationship and mutual influence);Neutral;Neutral;"c. Innovation and startup support structure;g. Online (web forums and applications)";4;3;a. Yes;"a. Online Survey Studies;c. One-to-one Interviews by phone, webcall or meeting;e. Community Project Management";c. One hour a week
2019/11/11 12:39:20 PM UTC+8;b. Woman;1974-03-04;2011-10-10;h. Wénshān;3;"a. Social Medias (Facebook, Twitter, Youtube, LinkedIn, Instagram ... );c. Word to mouth between friends, family and neighbors;d. Informational websites and Internet;g. Newspaper Industry (Professional Journalism)";"a. Facebook;c. Youtube";I don't use a cell phone.;2. University Academics, Research & Innovation;e. Academic Research & University;"e. Academic Research & University;j. Grassroot Movement, Local Association and Non-Profit;k. International NGOs and Third Sector";Pro (good relationship and mutual influence);Pro (good relationship and mutual influence);Contrary (bad relationship and oppositions in decision-making);Pro (good relationship and mutual influence);"a. Neighborhood associations and district events;g. Online (web forums and applications)";3;3;a. Yes;"a. Online Survey Studies;b. Participative Workshops;c. One-to-one Interviews by phone, webcall or meeting;d. Mobile Voting Application;e. Community Project Management";c. One hour a week
2019/11/13 11:22:55 AM UTC+8;a. Man;1985-02-18;2009-08-20;a. Sōngshān;7;"a. Social Medias (Facebook, Twitter, Youtube, LinkedIn, Instagram ... );c. Word to mouth between friends, family and neighbors;d. Informational websites and Internet";"a. Facebook;c. Youtube;e. LinkedIn;f. Instagram";a. Line;3. Private Sector;j. Grassroot Movement, Local Association and Non-Profit;g. Corporate Company (IT or Construction Industry);Pro (good relationship and mutual influence);Contrary (bad relationship and oppositions in decision-making);Pro (good relationship and mutual influence);Neutral;"c. Innovation and startup support structure;d. Business clusters and entrepreneurial ecosystems";5;3;a. Yes;c. One-to-one Interviews by phone, webcall or meeting;c. One hour a week
2019/11/15 10:32:51 AM UTC+8;a. Man;1973-11-15;2000-01-01;g. Wànhuá;2;d. Informational websites and Internet;e. LinkedIn;a. Line;3. Private Sector;g. Corporate Company (IT or Construction Industry);g. Corporate Company (IT or Construction Industry);Neutral;Neutral;Neutral;Neutral;g. Online (web forums and applications);3;3;a. Yes;d. Mobile Voting Application;e. One hour a year
2019/11/22 4:50:26 PM UTC+8;a. Man;1999-10-20;1999-10-20;a. Sōngshān;4;"a. Social Medias (Facebook, Twitter, Youtube, LinkedIn, Instagram ... );d. Informational websites and Internet;i. Television;j. City Council";"a. Facebook;c. Youtube;e. LinkedIn;f. Instagram";a. Line;5. Media;l. Individual Citizen;g. Corporate Company (IT or Construction Industry);Neutral;Neutral;Neutral;Neutral;a. Neighborhood associations and district events;3;3;a. Yes;c. One-to-one Interviews by phone, webcall or meeting;e. One hour a year
2019/11/24 11:05:31 AM UTC+8;a. Man;1980-01-01;1980-01-01;h. Wénshān;3;"a. Social Medias (Facebook, Twitter, Youtube, LinkedIn, Instagram ... );d. Informational websites and Internet";a. Facebook;a. Line;5. Media;l. Individual Citizen;"a. Government (National);b. Government (Local);c. Public Services";Neutral;Neutral;Neutral;Neutral;g. Online (web forums and applications);2;2;a. Yes;"a. Online Survey Studies;d. Mobile Voting Application";d. One hour a month
2019/12/08 10:52:01 AM UTC+8;a. Man;1993-05-13;1993-05-13;zingchung;10;a. Social Medias (Facebook, Twitter, Youtube, LinkedIn, Instagram ... );"a. Facebook;e. LinkedIn;f. Instagram";"a. Line;b. Whatsapp";5. Media;h. eCommerce, Startup, Small and Medium Enterprise;e. Academic Research & University;Neutral;Neutral;Neutral;Neutral;"c. Innovation and startup support structure;d. Business clusters and entrepreneurial ecosystems;g. Online (web forums and applications)";4;3;a. Yes;a. Online Survey Studies;c. One hour a week
2019/11/08 2:13:20 PM UTC+8;a. Man;1983-06-26;2011-02-04;Zhong he;5;"Word to mouth between friends, family and neighbors;Informational websites and Internet";Nill;"Line;Whatsapp;WeChat";3. Private Sector;Corporate Company (IT or Construction Industry);"Public Services;Academic Research & University;Corporate Company (IT or Construction Industry);eCommerce, Startup, Small and Medium Enterprise";Neutral;Pro (good relationship and mutual influence);Pro (good relationship and mutual influence);Contrary (bad relationship and oppositions in decision-making);Business clusters and entrepreneurial ecosystems;3;3;No;Participative Workshops;Less than one hour a year
2019/11/09 12:42:00 PM UTC+8;a. Man;1976-09-03;1976-09-03;Xìnyì;5;"Social Medias (Facebook, Twitter, Youtube, LinkedIn, Instagram ... );Messaging Applications (Line, WhatsApp, WeChat, Slack, Telegram ... );Word to mouth between friends, family and neighbors;Informational websites and Internet;Television";"Facebook;LinkedIn";"Line;Whatsapp;WeChat";5. Media;Individual Citizen;Individual Citizen;Contrary (bad relationship and oppositions in decision-making);Contrary (bad relationship and oppositions in decision-making);Neutral;Contrary (bad relationship and oppositions in decision-making);Online (web forums and applications);1;2;Yes;Mobile Voting Application;Less than one hour a year
2019/11/09 11:27:20 PM UTC+8;a. Man;1988-11-24;1988-11-24;Dàtóng;6;"Social Medias (Facebook, Twitter, Youtube, LinkedIn, Instagram ... );Messaging Applications (Line, WhatsApp, WeChat, Slack, Telegram ... );Informational websites and Internet";"Facebook;Youtube;Medium;LinkedIn;Instagram";"Line;Slack;Facebook";3. Private Sector;eCommerce, Startup, Small and Medium Enterprise;"Government (National);Government (Local);Academic Research & University;Corporate Company (IT or Construction Industry);International NGOs and Third Sector";Pro (good relationship and mutual influence);Contrary (bad relationship and oppositions in decision-making);Pro (good relationship and mutual influence);Neutral;"Neighborhood associations and district events;Global promotional events and forums;Innovation and startup support structure;City Council or other Governmental Deliberative Assemblies;Online (web forums and applications)";4;3;Yes;"Online Survey Studies;Participative Workshops;Mobile Voting Application";One hour a week
2019/11/13 9:20:02 AM UTC+8;a. 男性;1983-03-04;1983-03-04;k. Shìlín/士林;7;"a. 社交媒體（Facebook，Twitter，Youtube，LinkedIn，Instagram ...）;b. 通訊軟體（Line，WhatsApp，WeChat，Slack，Telegram ...）;c. 朋友、家人和鄰居之間的口耳相傳;d. 信息網站和互聯網;e. 電子郵件和新聞通訊;g. 報紙（專業新聞）;h. 廣播;i. 電視";"a. Facebook;c. Youtube";"a. Line;f. Messenger";3. 私人部門;l. 個人公民;"a. 政府（中央）;b. 政府（地方）;j. 草根運動、地方性協會或非營利組織;k. 國際非政府組織和第三部門;l. 個人公民";中立;中立;中立;中立;"b. 全球性活動和論壇;g. 網路上（網路論壇和其他應用程式）";4;4;a. 會;"a. 網路上的研究調查;b. 實際參與研討會;c. 透過電話、網路電話或實際面談進行的一對一訪談;d. 電子投票系統;e. 社區鄰里專案管理";c. 每週一個小時
2019/11/13 10:36:30 AM UTC+8;a. 男性;1991-09-29;2010-01-07;c. Dà'ān/大安;8;"a. 社交媒體（Facebook，Twitter，Youtube，LinkedIn，Instagram ...）;b. 通訊軟體（Line，WhatsApp，WeChat，Slack，Telegram ...）;c. 朋友、家人和鄰居之間的口耳相傳";"a. Facebook;b. Twitter;c. Youtube;f. Instagram";"a. Line;c. WeChat;f. Messenger";3. 私人部門;l. 個人公民;"j. 草根運動、地方性協會或非營利組織;l. 個人公民";中立;親近（良好的關係和相互影響）;中立;親近（良好的關係和相互影響）;g. 網路上（網路論壇和其他應用程式）;5;3;a. 會;"a. 網路上的研究調查;b. 實際參與研討會;d. 電子投票系統";c. 每週一個小時
2019/11/13 12:44:19 PM UTC+8;a. 男性;2019-11-15;1980-12-01;l. Beitóu/北投;10;"a. 社交媒體（Facebook，Twitter，Youtube，LinkedIn，Instagram ...）;b. 通訊軟體（Line，WhatsApp，WeChat，Slack，Telegram ...）;c. 朋友、家人和鄰居之間的口耳相傳;d. 信息網站和互聯網;e. 電子郵件和新聞通訊;g. 報紙（專業新聞）;i. 電視";"a. Facebook;c. Youtube;e. LinkedIn;f. Instagram";"a. Line;b. Whatsapp;c. WeChat;f. Messenger";2. 學術界（大學研究與創新相關）;f. 私人研究與創新公司;"a. 政府（中央）;b. 政府（地方）;d. 資金與創始合夥人;h. 電商、新創企業或中小企業";親近（良好的關係和相互影響）;中立;中立;親近（良好的關係和相互影響）;"b. 全球性活動和論壇;d. 商業群聚和創業生態系統;e. 都市基礎設施（如：公有房地產，公共交通系統，公共體育和休閒設施）;g. 網路上（網路論壇和其他應用程式）";5;2;a. 會;"a. 網路上的研究調查;b. 實際參與研討會;c. 透過電話、網路電話或實際面談進行的一對一訪談;d. 電子投票系統";b. 每天一個小時
2019/11/13 2:28:40 PM UTC+8;a. 男性;1968-02-01;1968-02-01;j. Nèihú/內湖;3;"a. 社交媒體（Facebook，Twitter，Youtube，LinkedIn，Instagram ...）;b. 通訊軟體（Line，WhatsApp，WeChat，Slack，Telegram ...）;c. 朋友、家人和鄰居之間的口耳相傳;d. 信息網站和互聯網;e. 電子郵件和新聞通訊;i. 電視";a. Facebook;"a. Line;c. WeChat;f. Messenger";3. 私人部門;l. 個人公民;"j. 草根運動、地方性協會或非營利組織;k. 國際非政府組織和第三部門;l. 個人公民";中立;中立;中立;中立;"a. 里民大會和社區活動;g. 網路上（網路論壇和其他應用程式）";3;3;b. 不會;a. 網路上的研究調查;c. 每週一個小時
2019/11/13 8:08:23 PM UTC+8;a. 男性;1988-12-29;2017-01-01;c. Dà'ān/大安;3;"a. 社交媒體（Facebook，Twitter，Youtube，LinkedIn，Instagram ...）;b. 通訊軟體（Line，WhatsApp，WeChat，Slack，Telegram ...）;c. 朋友、家人和鄰居之間的口耳相傳;d. 信息網站和互聯網;g. 報紙（專業新聞）;h. 廣播;i. 電視";"a. Facebook;c. Youtube";"a. Line;d. Slack;e. Telegram;f. Messenger";3. 私人部門;f. 私人研究與創新公司;"a. 政府（中央）;b. 政府（地方）;d. 資金與創始合夥人;e. 學術研究與大學;f. 私人研究與創新公司;h. 電商、新創企業或中小企業";中立;中立;中立;中立;"c. 創業和新創支援部門;d. 商業群聚和創業生態系統;g. 網路上（網路論壇和其他應用程式）";3;4;a. 會;"a. 網路上的研究調查;b. 實際參與研討會;c. 透過電話、網路電話或實際面談進行的一對一訪談;d. 電子投票系統;e. 社區鄰里專案管理";c. 每週一個小時
2019/11/14 8:01:26 AM UTC+8;a. 男性;1985-01-19;1985-01-19;新北市中和;3;"e. 電子郵件和新聞通訊;h. 廣播;i. 電視";a. Facebook;a. Line;4. 民間社會團體和第三部門 (志工團體）;l. 個人公民;"c. 公共服務;j. 草根運動、地方性協會或非營利組織";中立;中立;中立;親近（良好的關係和相互影響）;g. 網路上（網路論壇和其他應用程式）;1;3;a. 會;"a. 網路上的研究調查;b. 實際參與研討會;d. 電子投票系統";d. 每個月一個小時
2019/11/14 11:41:42 AM UTC+8;a. 男性;1989-02-19;2011-06-22;a. Sōngshān/松山;4;"a. 社交媒體（Facebook，Twitter，Youtube，LinkedIn，Instagram ...）;c. 朋友、家人和鄰居之間的口耳相傳;i. 電視";"a. Facebook;c. Youtube;f. Instagram";"a. Line;c. WeChat;f. Messenger";3. 私人部門;l. 個人公民;"a. 政府（中央）;b. 政府（地方）;f. 私人研究與創新公司;l. 個人公民";矛盾（不良的關係和態度對立）;中立;中立;中立;"c. 創業和新創支援部門;d. 商業群聚和創業生態系統;e. 都市基礎設施（如：公有房地產，公共交通系統，公共體育和休閒設施）;g. 網路上（網路論壇和其他應用程式）";5;3;a. 會;"a. 網路上的研究調查;b. 實際參與研討會;c. 透過電話、網路電話或實際面談進行的一對一訪談;d. 電子投票系統";b. 每天一個小時
2019/11/19 2:30:00 PM UTC+8;a. 男性;1993-10-15;2012-07-01;d. Zhōngshān/中山;6;"a. 社交媒體（Facebook，Twitter，Youtube，LinkedIn，Instagram ...）;d. 信息網站和互聯網;g. 報紙（專業新聞）;i. 電視";"a. Facebook;b. Twitter;c. Youtube;f. Instagram";"a. Line;d. Slack;e. Telegram;f. Messenger";3. 私人部門;h. 電商、新創企業或中小企業;"h. 電商、新創企業或中小企業;i. 獨立設計師、建築師或開發商;j. 草根運動、地方性協會或非營利組織;k. 國際非政府組織和第三部門;l. 個人公民";中立;中立;親近（良好的關係和相互影響）;親近（良好的關係和相互影響）;"b. 全球性活動和論壇;c. 創業和新創支援部門;g. 網路上（網路論壇和其他應用程式）";5;4;a. 會;"a. 網路上的研究調查;b. 實際參與研討會;d. 電子投票系統";c. 每週一個小時
2019/11/21 9:28:00 AM UTC+8;a. 男性;1987-12-18;1987-12-18;d. Zhōngshān/中山;7;"a. 社交媒體（Facebook，Twitter，Youtube，LinkedIn，Instagram ...）;d. 信息網站和互聯網";a. Facebook;"a. Line;d. Slack";4. 民間社會團體和第三部門 (志工團體）;j. 草根運動、地方性協會或非營利組織;"a. 政府（中央）;b. 政府（地方）;c. 公共服務;j. 草根運動、地方性協會或非營利組織";親近（良好的關係和相互影響）;親近（良好的關係和相互影響）;中立;親近（良好的關係和相互影響）;"a. 里民大會和社區活動;e. 都市基礎設施（如：公有房地產，公共交通系統，公共體育和休閒設施）;g. 網路上（網路論壇和其他應用程式）";3;3;a. 會;"a. 網路上的研究調查;b. 實際參與研討會;d. 電子投票系統;e. 社區鄰里專案管理";c. 每週一個小時
2019/11/21 12:30:24 PM UTC+8;a. 男性;1984-09-02;2019-01-01;e. Zhōngzhèng/中正;5;"a. 社交媒體（Facebook，Twitter，Youtube，LinkedIn，Instagram ...）;c. 朋友、家人和鄰居之間的口耳相傳;d. 信息網站和互聯網;f. 印刷傳播（書籍，傳單，獨立維權報紙...）";a. Facebook;"e. Telegram;f. Messenger";2. 學術界（大學研究與創新相關）;e. 學術研究與大學;"e. 學術研究與大學;j. 草根運動、地方性協會或非營利組織;k. 國際非政府組織和第三部門;l. 個人公民";親近（良好的關係和相互影響）;親近（良好的關係和相互影響）;親近（良好的關係和相互影響）;親近（良好的關係和相互影響）;"b. 全球性活動和論壇;c. 創業和新創支援部門;e. 都市基礎設施（如：公有房地產，公共交通系統，公共體育和休閒設施）;g. 網路上（網路論壇和其他應用程式）";3;3;a. 會;"b. 實際參與研討會;c. 透過電話、網路電話或實際面談進行的一對一訪談";a. 每天一個小時以上
2019/11/25 9:14:40 PM UTC+8;a. 男性;1976-06-05;1980-04-06;a. Sōngshān/松山;3;"a. 社交媒體（Facebook，Twitter，Youtube，LinkedIn，Instagram ...）;b. 通訊軟體（Line，WhatsApp，WeChat，Slack，Telegram ...）;g. 報紙（專業新聞）;i. 電視";"a. Facebook;c. Youtube";"a. Line;c. WeChat";3. 私人部門;l. 個人公民;a. 政府（中央）;中立;中立;親近（良好的關係和相互影響）;中立;"a. 里民大會和社區活動;c. 創業和新創支援部門";2;2;a. 會;"b. 實際參與研討會;c. 透過電話、網路電話或實際面談進行的一對一訪談";e. 每一年一個小時
2019/11/26 10:50:41 AM UTC+8;a. 男性;1988-08-21;1988-08-21;c. Dà'ān/大安;4;"c. 朋友、家人和鄰居之間的口耳相傳;f. 印刷傳播（書籍，傳單，獨立維權報紙...）;g. 報紙（專業新聞）;i. 電視;j. 市議會";"a. Facebook;e. LinkedIn";"a. Line;d. Slack;e. Telegram;f. Messenger";3. 私人部門;l. 個人公民;"a. 政府（中央）;b. 政府（地方）;j. 草根運動、地方性協會或非營利組織;k. 國際非政府組織和第三部門";中立;中立;中立;中立;"b. 全球性活動和論壇;e. 都市基礎設施（如：公有房地產，公共交通系統，公共體育和休閒設施）;f. 市議會或其他政府公聽會";3;4;a. 會;"a. 網路上的研究調查;b. 實際參與研討會;d. 電子投票系統";c. 每週一個小時
2019/11/29 11:42:23 PM UTC+8;a. 男性;1990-04-02;1990-04-02;l. Beitóu/北投;3;"a. 社交媒體（Facebook，Twitter，Youtube，LinkedIn，Instagram ...）;f. 印刷傳播（書籍，傳單，獨立維權報紙...）";"a. Facebook;c. Youtube;f. Instagram";"a. Line;f. Messenger";1. 政府與公家部門;a. 政府（中央）;"i. 獨立設計師、建築師或開發商;j. 草根運動、地方性協會或非營利組織;k. 國際非政府組織和第三部門;l. 個人公民";親近（良好的關係和相互影響）;親近（良好的關係和相互影響）;中立;親近（良好的關係和相互影響）;"f. 市議會或其他政府公聽會;g. 網路上（網路論壇和其他應用程式）";5;2;a. 會;"a. 網路上的研究調查;b. 實際參與研討會;c. 透過電話、網路電話或實際面談進行的一對一訪談;d. 電子投票系統";c. 每週一個小時
2019/11/30 4:30:05 PM UTC+8;a. 男性;1997-12-25;1997-12-25;b. Xìnyì/信義;2;"a. 社交媒體（Facebook，Twitter，Youtube，LinkedIn，Instagram ...）;b. 通訊軟體（Line，WhatsApp，WeChat，Slack，Telegram ...）;c. 朋友、家人和鄰居之間的口耳相傳";f. Instagram;a. Line;4. 民間社會團體和第三部門 (志工團體）;l. 個人公民;a. 政府（中央）;中立;中立;中立;中立;g. 網路上（網路論壇和其他應用程式）;3;3;a. 會;a. 網路上的研究調查;d. 每個月一個小時
2019/12/05 11:03:17 PM UTC+8;a. 男性;1982-01-01;1990-01-01;b. Xìnyì/信義;7;"a. 社交媒體（Facebook，Twitter，Youtube，LinkedIn，Instagram ...）;d. 信息網站和互聯網";"a. Facebook;c. Youtube";"a. Line;f. Messenger";3. 私人部門;h. 電商、新創企業或中小企業;"a. 政府（中央）;c. 公共服務;f. 私人研究與創新公司;k. 國際非政府組織和第三部門";中立;中立;親近（良好的關係和相互影響）;中立;"c. 創業和新創支援部門;d. 商業群聚和創業生態系統;e. 都市基礎設施（如：公有房地產，公共交通系統，公共體育和休閒設施）;g. 網路上（網路論壇和其他應用程式）";4;3;a. 會;"a. 網路上的研究調查;b. 實際參與研討會;d. 電子投票系統";c. 每週一個小時
2019/12/11 5:35:20 PM UTC+8;a. 男性;1987-11-30;2006-08-01;b. Xìnyì/信義;4;"a. 社交媒體（Facebook，Twitter，Youtube，LinkedIn，Instagram ...）;b. 通訊軟體（Line，WhatsApp，WeChat，Slack，Telegram ...）;c. 朋友、家人和鄰居之間的口耳相傳;d. 信息網站和互聯網;f. 印刷傳播（書籍，傳單，獨立維權報紙...）;g. 報紙（專業新聞）;i. 電視";"b. Twitter;d. Medium;e. LinkedIn";"a. Line;d. Slack;f. Messenger";3. 私人部門;l. 個人公民;"a. 政府（中央）;b. 政府（地方）;c. 公共服務;e. 學術研究與大學;f. 私人研究與創新公司;g. 財團法人（資訊科技或營造業相關）;h. 電商、新創企業或中小企業;j. 草根運動、地方性協會或非營利組織;k. 國際非政府組織和第三部門;l. 個人公民";中立;親近（良好的關係和相互影響）;親近（良好的關係和相互影響）;中立;"b. 全球性活動和論壇;c. 創業和新創支援部門;d. 商業群聚和創業生態系統;e. 都市基礎設施（如：公有房地產，公共交通系統，公共體育和休閒設施）;g. 網路上（網路論壇和其他應用程式）";3;4;a. 會;"a. 網路上的研究調查;b. 實際參與研討會;d. 電子投票系統";c. 每週一個小時
2019/11/11 9:22:25 PM UTC+8;b. Woman;1977-10-31;1977-10-31;c. Dà'ān;1;c. Word to mouth between friends, family and neighbors;a. Facebook;a. Line;2. University Academics, Research & Innovation;e. Academic Research & University;a. Government (National);Neutral;Pro (good relationship and mutual influence);Neutral;Neutral;b. Global promotional events and forums;2;3;a. Yes;a. Online Survey Studies;e. One hour a year
2019/11/12 9:49:31 AM UTC+8;b. Woman;1997-01-31;2015-09-05;d. Zhōngshān;8;"a. Social Medias (Facebook, Twitter, Youtube, LinkedIn, Instagram ... );b. Messaging Applications (Line, WhatsApp, WeChat, Slack, Telegram ... );c. Word to mouth between friends, family and neighbors;d. Informational websites and Internet";"a. Facebook;e. LinkedIn;f. Instagram";a. Line;5. Media;h. eCommerce, Startup, Small and Medium Enterprise;h. eCommerce, Startup, Small and Medium Enterprise;Neutral;Neutral;Neutral;Neutral;d. Business clusters and entrepreneurial ecosystems;2;4;a. Yes;"a. Online Survey Studies;b. Participative Workshops;c. One-to-one Interviews by phone, webcall or meeting;d. Mobile Voting Application;e. Community Project Management";c. One hour a week
2019/11/13 10:33:46 AM UTC+8;b. Woman;1988-11-07;2016-10-17;Banqiao;3;"a. Social Medias (Facebook, Twitter, Youtube, LinkedIn, Instagram ... );c. Word to mouth between friends, family and neighbors;d. Informational websites and Internet;g. Newspaper Industry (Professional Journalism)";"a. Facebook;c. Youtube;d. Medium;e. LinkedIn;f. Instagram";"a. Line;c. WeChat;d. Slack";5. Media;h. eCommerce, Startup, Small and Medium Enterprise;"c. Public Services;e. Academic Research & University;f. Private Research & Innovation;g. Corporate Company (IT or Construction Industry)";Neutral;Neutral;Neutral;Neutral;"d. Business clusters and entrepreneurial ecosystems;g. Online (web forums and applications)";3;3;a. Yes;"b. Participative Workshops;c. One-to-one Interviews by phone, webcall or meeting;e. Community Project Management";d. One hour a month
2019/11/13 7:54:11 PM UTC+8;b. Woman;1994-10-12;2013-09-01;h. Wénshān;2;f. Print Communication (Books, Flyers, Independent Activist Newspapers ... );"a. Facebook;e. LinkedIn;f. Instagram";a. Line;4. Civil Society, Social and Third Sector;l. Individual Citizen;e. Academic Research & University;Neutral;Neutral;Neutral;Neutral;g. Online (web forums and applications);1;3;;;d. One hour a month
2019/11/15 10:24:20 PM UTC+8;b. Woman;1984-07-16;1984-07-16;d. Zhōngshān;7;"a. Social Medias (Facebook, Twitter, Youtube, LinkedIn, Instagram ... );b. Messaging Applications (Line, WhatsApp, WeChat, Slack, Telegram ... );c. Word to mouth between friends, family and neighbors;d. Informational websites and Internet";"c. Youtube;d. Medium;f. Instagram";"a. Line;c. WeChat";2. University Academics, Research & Innovation;f. Private Research & Innovation;"c. Public Services;h. eCommerce, Startup, Small and Medium Enterprise";Neutral;Neutral;Contrary (bad relationship and oppositions in decision-making);Contrary (bad relationship and oppositions in decision-making);"a. Neighborhood associations and district events;b. Global promotional events and forums;g. Online (web forums and applications)";4;4;a. Yes;"a. Online Survey Studies;b. Participative Workshops;c. One-to-one Interviews by phone, webcall or meeting";c. One hour a week
2019/11/15 10:49:35 PM UTC+8;b. Woman;1959-05-26;1983-09-01;San Chong District New Taipei City;5;"b. Messaging Applications (Line, WhatsApp, WeChat, Slack, Telegram ... );c. Word to mouth between friends, family and neighbors;g. Newspaper Industry (Professional Journalism);i. Television";d. Medium;a. Line;4. Civil Society, Social and Third Sector;l. Individual Citizen;"a. Government (National);b. Government (Local);e. Academic Research & University;k. International NGOs and Third Sector";Neutral;Neutral;Neutral;Neutral;a. Neighborhood associations and district events;3;3;;"b. Participative Workshops;c. One-to-one Interviews by phone, webcall or meeting;e. Community Project Management";e. One hour a year
2019/11/16 6:34:42 AM UTC+8;b. Woman;1994-02-01;1994-02-01;New Taipei City ;6;"a. Social Medias (Facebook, Twitter, Youtube, LinkedIn, Instagram ... );i. Television";"a. Facebook;c. Youtube;f. Instagram";a. Line;4. Civil Society, Social and Third Sector;l. Individual Citizen;"b. Government (Local);e. Academic Research & University;l. Individual Citizen";Neutral;Pro (good relationship and mutual influence);Pro (good relationship and mutual influence);Pro (good relationship and mutual influence);"a. Neighborhood associations and district events;d. Business clusters and entrepreneurial ecosystems;g. Online (web forums and applications)";3;3;a. Yes;"a. Online Survey Studies;d. Mobile Voting Application;e. Community Project Management";d. One hour a month
2019/11/18 12:18:36 AM UTC+8;b. Woman;1977-01-08;1996-09-01;j. Nèihú;4;"a. Social Medias (Facebook, Twitter, Youtube, LinkedIn, Instagram ... );d. Informational websites and Internet";"a. Facebook;weibo";"a. Line;wechat";4. Civil Society, Social and Third Sector;l. Individual Citizen;"a. Government (National);b. Government (Local);l. Individual Citizen";Pro (good relationship and mutual influence);Neutral;Contrary (bad relationship and oppositions in decision-making);Neutral;"a. Neighborhood associations and district events;b. Global promotional events and forums";1;3;;;e. One hour a year
2019/11/18 5:21:50 AM UTC+8;b. Woman;1992-07-19;2012-09-02;d. Zhōngshān;10;"a. Social Medias (Facebook, Twitter, Youtube, LinkedIn, Instagram ... );b. Messaging Applications (Line, WhatsApp, WeChat, Slack, Telegram ... );c. Word to mouth between friends, family and neighbors;f. Print Communication (Books, Flyers, Independent Activist Newspapers ... )";f. Instagram;a. Line;5. Media;h. eCommerce, Startup, Small and Medium Enterprise;i. Independent Designer, Architect or Developer;Pro (good relationship and mutual influence);Pro (good relationship and mutual influence);Pro (good relationship and mutual influence);Pro (good relationship and mutual influence);"a. Neighborhood associations and district events;b. Global promotional events and forums;c. Innovation and startup support structure;e. Urban Infrastructure (Public Real-Estate, Transportation systems, Public Sport and Leisure areas);f. City Council or other Governmental Deliberative Assemblies;g. Online (web forums and applications)";5;3;a. Yes;"b. Participative Workshops;e. Community Project Management";d. One hour a month
2019/11/18 9:49:47 AM UTC+8;b. Woman;1995-11-23;2016-01-10;c. Dà'ān;6;d. Informational websites and Internet;"a. Facebook;c. Youtube;e. LinkedIn;f. Instagram";"a. Line;b. Whatsapp;c. WeChat;d. Slack";5. Media;h. eCommerce, Startup, Small and Medium Enterprise;"a. Government (National);b. Government (Local)";Neutral;Pro (good relationship and mutual influence);Pro (good relationship and mutual influence);Pro (good relationship and mutual influence);"a. Neighborhood associations and district events;b. Global promotional events and forums;c. Innovation and startup support structure;d. Business clusters and entrepreneurial ecosystems";4;4;a. Yes;"a. Online Survey Studies;b. Participative Workshops;c. One-to-one Interviews by phone, webcall or meeting;e. Community Project Management";b. One hour a day
2019/11/18 1:34:20 PM UTC+8;b. Woman;1993-08-18;2011-06-25;New Taipei City, ZhongHe;3;"a. Social Medias (Facebook, Twitter, Youtube, LinkedIn, Instagram ... );d. Informational websites and Internet;f. Print Communication (Books, Flyers, Independent Activist Newspapers ... )";"a. Facebook;b. Twitter;c. Youtube;d. Medium;f. Instagram;www.plurk.com";"a. Line;b. Whatsapp;d. Slack";3. Private Sector;h. eCommerce, Startup, Small and Medium Enterprise;"a. Government (National);h. eCommerce, Startup, Small and Medium Enterprise;i. Independent Designer, Architect or Developer;j. Grassroot Movement, Local Association and Non-Profit;l. Individual Citizen";Neutral;Neutral;Neutral;Neutral;g. Online (web forums and applications);2;4;a. Yes;"a. Online Survey Studies;c. One-to-one Interviews by phone, webcall or meeting";c. One hour a week
2019/11/18 9:23:03 PM UTC+8;b. Woman;1973-11-09;1973-11-09;g. Wànhuá;2;"a. Social Medias (Facebook, Twitter, Youtube, LinkedIn, Instagram ... );b. Messaging Applications (Line, WhatsApp, WeChat, Slack, Telegram ... );c. Word to mouth between friends, family and neighbors;d. Informational websites and Internet;e. Emails and Newsletters";a. Facebook;a. Line;4. Civil Society, Social and Third Sector;l. Individual Citizen;"a. Government (National);b. Government (Local);j. Grassroot Movement, Local Association and Non-Profit";Contrary (bad relationship and oppositions in decision-making);Neutral;Neutral;Contrary (bad relationship and oppositions in decision-making);"c. Innovation and startup support structure;d. Business clusters and entrepreneurial ecosystems";4;3;a. Yes;"a. Online Survey Studies;d. Mobile Voting Application";c. One hour a week
2019/11/18 9:33:46 PM UTC+8;b. Woman;1975-09-28;1975-09-28;;3;"a. Social Medias (Facebook, Twitter, Youtube, LinkedIn, Instagram ... );b. Messaging Applications (Line, WhatsApp, WeChat, Slack, Telegram ... );c. Word to mouth between friends, family and neighbors;d. Informational websites and Internet;e. Emails and Newsletters;f. Print Communication (Books, Flyers, Independent Activist Newspapers ... );g. Newspaper Industry (Professional Journalism)";"a. Facebook;c. Youtube;d. Medium;e. LinkedIn;f. Instagram";"a. Line;c. WeChat";3. Private Sector;i. Independent Designer, Architect or Developer;"f. Private Research & Innovation;g. Corporate Company (IT or Construction Industry);h. eCommerce, Startup, Small and Medium Enterprise;i. Independent Designer, Architect or Developer;j. Grassroot Movement, Local Association and Non-Profit;k. International NGOs and Third Sector;l. Individual Citizen";Neutral;Neutral;Neutral;Neutral;"b. Global promotional events and forums;c. Innovation and startup support structure;g. Online (web forums and applications)";3;4;b. No;a. Online Survey Studies;d. One hour a month
2019/11/19 4:28:15 AM UTC+8;b. Woman;1997-01-01;1997-01-01;b. Xìnyì;6;"a. Social Medias (Facebook, Twitter, Youtube, LinkedIn, Instagram ... );c. Word to mouth between friends, family and neighbors;e. Emails and Newsletters;g. Newspaper Industry (Professional Journalism);i. Television;j. City Council";"a. Facebook;c. Youtube;f. Instagram";a. Line;4. Civil Society, Social and Third Sector;h. eCommerce, Startup, Small and Medium Enterprise;l. Individual Citizen;Contrary (bad relationship and oppositions in decision-making);Neutral;Neutral;Neutral;g. Online (web forums and applications);4;2;a. Yes;"a. Online Survey Studies;d. Mobile Voting Application";c. One hour a week
2019/12/08 8:57:20 PM UTC+8;b. Woman;2019-10-27;1997-01-01;e. Zhōngzhèng;6;"a. Social Medias (Facebook, Twitter, Youtube, LinkedIn, Instagram ... );c. Word to mouth between friends, family and neighbors;e. Emails and Newsletters;h. Radio";"a. Facebook;c. Youtube;e. LinkedIn";"a. Line;b. Whatsapp";1. Governmental & Public Sector;f. Private Research & Innovation;"e. Academic Research & University;l. Individual Citizen";Neutral;Neutral;Neutral;Neutral;"a. Neighborhood associations and district events;d. Business clusters and entrepreneurial ecosystems;f. City Council or other Governmental Deliberative Assemblies;g. Online (web forums and applications)";4;3;a. Yes;a. Online Survey Studies;d. One hour a month
2019/12/16 10:24:23 PM UTC+8;b. Woman;1992-10-17;1998-01-01;j. Nèihú;5;"a. Social Medias (Facebook, Twitter, Youtube, LinkedIn, Instagram ... );c. Word to mouth between friends, family and neighbors;i. Television";"a. Facebook;e. LinkedIn;f. Instagram";"a. Line;d. Slack";5. Media;l. Individual Citizen;"e. Academic Research & University;g. Corporate Company (IT or Construction Industry);h. eCommerce, Startup, Small and Medium Enterprise;i. Independent Designer, Architect or Developer;l. Individual Citizen";Neutral;Neutral;Neutral;Pro (good relationship and mutual influence);"b. Global promotional events and forums;c. Innovation and startup support structure;g. Online (web forums and applications)";2;3;a. Yes;"a. Online Survey Studies;e. Community Project Management";d. One hour a month
2019/11/08 1:18:56 PM UTC+8;b. Woman;1988-12-10;2012-01-01;Sōngshān;1;"Social Medias (Facebook, Twitter, Youtube, LinkedIn, Instagram ... );Word to mouth between friends, family and neighbors;Informational websites and Internet";"Facebook;Youtube;Instagram";"Line;Whatsapp;Telegram";2. University Academics, Research & Innovation;Corporate Company (IT or Construction Industry);"Government (National);Government (Local);Public Services;Financial and Founding Partner";Neutral;Neutral;Neutral;Neutral;"Global promotional events and forums;Innovation and startup support structure;Online (web forums and applications)";2;4;No;Online Survey Studies;Less than one hour a year
2019/11/08 3:54:52 PM UTC+8;b. Woman;1971-07-10;2016-04-16;Zhōngshān;1;"Informational websites and Internet;Newspaper Industry (Professional Journalism)";Instagram;"Line;Whatsapp";3. Private Sector;Individual Citizen;International NGOs and Third Sector;Neutral;Neutral;Neutral;Neutral;Global promotional events and forums;2;2;No;Online Survey Studies;Less than one hour a year
2019/11/08 4:14:45 PM UTC+8;b. Woman;1984-03-23;1984-03-23;new taipei city;2;Social Medias (Facebook, Twitter, Youtube, LinkedIn, Instagram ... );Facebook;Line;3. Private Sector;Individual Citizen;International NGOs and Third Sector;Neutral;Neutral;Neutral;Neutral;"Neighborhood associations and district events;Global promotional events and forums";2;2;Yes;;One hour a month
2019/11/09 9:59:54 AM UTC+8;b. Woman;1975-01-25;2010-10-10;Nángang;2;"Social Medias (Facebook, Twitter, Youtube, LinkedIn, Instagram ... );Messaging Applications (Line, WhatsApp, WeChat, Slack, Telegram ... );Word to mouth between friends, family and neighbors;Television";Facebook;Line;4. Civil Society, Social and Third Sector;Individual Citizen;"Government (National);Government (Local);Grassroot Movement, Local Association and Non-Profit";Neutral;Neutral;Neutral;Neutral;Online (web forums and applications);1;3;No;"Online Survey Studies;Mobile Voting Application";One hour a month
2019/11/09 1:22:53 PM UTC+8;b. Woman;1987-06-06;1987-06-06;New Taipei City-Banciao;4;"Social Medias (Facebook, Twitter, Youtube, LinkedIn, Instagram ... );Word to mouth between friends, family and neighbors;Informational websites and Internet;Emails and Newsletters;Print Communication (Books, Flyers, Independent Activist Newspapers ... );Newspaper Industry (Professional Journalism);Television";"Facebook;Youtube";"Line;Whatsapp;Skype/FB messenger";3. Private Sector;eCommerce, Startup, Small and Medium Enterprise;"eCommerce, Startup, Small and Medium Enterprise;Individual Citizen";Neutral;Neutral;Neutral;Neutral;"Neighborhood associations and district events;Online (web forums and applications)";4;2;Yes;Participative Workshops;One hour a month
2019/11/10 7:01:34 PM UTC+8;b. Woman;1968-06-06;1999-08-08;Beitóu;7;"Social Medias (Facebook, Twitter, Youtube, LinkedIn, Instagram ... );Messaging Applications (Line, WhatsApp, WeChat, Slack, Telegram ... );Informational websites and Internet;Television";"Facebook;Youtube";"Line;WeChat";4. Civil Society, Social and Third Sector;Individual Citizen;Independent Designer, Architect or Developer;Contrary (bad relationship and oppositions in decision-making);Neutral;Neutral;Pro (good relationship and mutual influence);"Neighborhood associations and district events;Online (web forums and applications)";3;2;No;"Online Survey Studies;Mobile Voting Application";Less than one hour a year
2019/11/13 9:27:12 AM UTC+8;b. 女性;1976-10-20;2013-10-02;k. Shìlín/士林;3;"a. 社交媒體（Facebook，Twitter，Youtube，LinkedIn，Instagram ...）;c. 朋友、家人和鄰居之間的口耳相傳";a. Facebook;a. Line;5. 媒體;l. 個人公民;"a. 政府（中央）;b. 政府（地方）;j. 草根運動、地方性協會或非營利組織;k. 國際非政府組織和第三部門";中立;中立;中立;親近（良好的關係和相互影響）;g. 網路上（網路論壇和其他應用程式）;4;2;a. 會;"a. 網路上的研究調查;b. 實際參與研討會;c. 透過電話、網路電話或實際面談進行的一對一訪談;d. 電子投票系統";d. 每個月一個小時
2019/11/13 9:39:15 AM UTC+8;b. 女性;1983-01-11;1983-01-11;d. Zhōngshān/中山;3;"c. 朋友、家人和鄰居之間的口耳相傳;e. 電子郵件和新聞通訊";a. Facebook;"a. Line;c. WeChat;f. Messenger";2. 學術界（大學研究與創新相關）;f. 私人研究與創新公司;"e. 學術研究與大學;i. 獨立設計師、建築師或開發商";中立;中立;中立;中立;a. 里民大會和社區活動;3;3;a. 會;c. 透過電話、網路電話或實際面談進行的一對一訪談;d. 每個月一個小時
2019/11/13 11:18:42 AM UTC+8;b. 女性;1995-01-06;2015-01-05;f. Dàtóng/大同;5;a. 社交媒體（Facebook，Twitter，Youtube，LinkedIn，Instagram ...）;a. Facebook;a. Line;3. 私人部門;i. 獨立設計師、建築師或開發商;"f. 私人研究與創新公司;i. 獨立設計師、建築師或開發商;l. 個人公民";中立;中立;親近（良好的關係和相互影響）;親近（良好的關係和相互影響）;g. 網路上（網路論壇和其他應用程式）;5;5;a. 會;"a. 網路上的研究調查;b. 實際參與研討會";b. 每天一個小時
2019/11/13 12:52:04 PM UTC+8;b. 女性;1994-08-29;2012-09-01;e. Zhōngzhèng/中正;2;"a. 社交媒體（Facebook，Twitter，Youtube，LinkedIn，Instagram ...）;d. 信息網站和互聯網;e. 電子郵件和新聞通訊;f. 印刷傳播（書籍，傳單，獨立維權報紙...）;g. 報紙（專業新聞）;i. 電視";"a. Facebook;c. Youtube;f. Instagram";"a. Line;b. Whatsapp;f. Messenger";3. 私人部門;l. 個人公民;"a. 政府（中央）;c. 公共服務;j. 草根運動、地方性協會或非營利組織;k. 國際非政府組織和第三部門";中立;中立;中立;中立;"b. 全球性活動和論壇;c. 創業和新創支援部門;d. 商業群聚和創業生態系統;g. 網路上（網路論壇和其他應用程式）";5;4;a. 會;a. 網路上的研究調查;c. 每週一個小時
2019/11/13 12:59:27 PM UTC+8;b. 女性;1965-04-08;1965-04-08;e. Zhōngzhèng/中正;1;"a. 社交媒體（Facebook，Twitter，Youtube，LinkedIn，Instagram ...）;e. 電子郵件和新聞通訊;g. 報紙（專業新聞）;i. 電視";"a. Facebook;c. Youtube";"a. Line;f. Messenger";3. 私人部門;l. 個人公民;"b. 政府（地方）;g. 財團法人（資訊科技或營造業相關）;h. 電商、新創企業或中小企業";中立;中立;中立;親近（良好的關係和相互影響）;"b. 全球性活動和論壇;e. 都市基礎設施（如：公有房地產，公共交通系統，公共體育和休閒設施）;g. 網路上（網路論壇和其他應用程式）";1;5;a. 會;"a. 網路上的研究調查;d. 電子投票系統;e. 社區鄰里專案管理";c. 每週一個小時
2019/11/13 7:22:24 PM UTC+8;b. 女性;1952-01-30;1973-09-01;a. Sōngshān/松山;2;"a. 社交媒體（Facebook，Twitter，Youtube，LinkedIn，Instagram ...）;b. 通訊軟體（Line，WhatsApp，WeChat，Slack，Telegram ...）;c. 朋友、家人和鄰居之間的口耳相傳;d. 信息網站和互聯網;e. 電子郵件和新聞通訊;g. 報紙（專業新聞）;i. 電視";"a. Facebook;d. Medium";"a. Line;c. WeChat;f. Messenger";4. 民間社會團體和第三部門 (志工團體）;l. 個人公民;l. 個人公民;中立;中立;中立;親近（良好的關係和相互影響）;"a. 里民大會和社區活動;c. 創業和新創支援部門;g. 網路上（網路論壇和其他應用程式）";2;5;a. 會;"b. 實際參與研討會;d. 電子投票系統";e. 每一年一個小時
2019/11/13 7:40:00 PM UTC+8;b. 女性;1977-03-14;1977-03-14;f. Dàtóng/大同;1;"a. 社交媒體（Facebook，Twitter，Youtube，LinkedIn，Instagram ...）;b. 通訊軟體（Line，WhatsApp，WeChat，Slack，Telegram ...）;c. 朋友、家人和鄰居之間的口耳相傳";"a. Facebook;c. Youtube";a. Line;3. 私人部門;l. 個人公民;l. 個人公民;中立;中立;中立;中立;g. 網路上（網路論壇和其他應用程式）;1;3;b. 不會;a. 網路上的研究調查;f. 每一年不到一個小時
2019/11/13 8:08:59 PM UTC+8;b. 女性;1985-11-17;1985-11-17;f. Dàtóng/大同;1;"a. 社交媒體（Facebook，Twitter，Youtube，LinkedIn，Instagram ...）;g. 報紙（專業新聞）";"a. Facebook;c. Youtube";"a. Line;c. WeChat";3. 私人部門;l. 個人公民;l. 個人公民;中立;中立;中立;中立;"a. 里民大會和社區活動;b. 全球性活動和論壇;e. 都市基礎設施（如：公有房地產，公共交通系統，公共體育和休閒設施）";3;5;a. 會;b. 實際參與研討會;c. 每週一個小時
2019/11/14 6:50:28 PM UTC+8;b. 女性;1988-09-16;2018-09-23;g. Wànhuá/萬華;4;"a. 社交媒體（Facebook，Twitter，Youtube，LinkedIn，Instagram ...）;b. 通訊軟體（Line，WhatsApp，WeChat，Slack，Telegram ...）;c. 朋友、家人和鄰居之間的口耳相傳;d. 信息網站和互聯網;e. 電子郵件和新聞通訊;i. 電視";"a. Facebook;b. Twitter;c. Youtube;f. Instagram;g. Pinterest";a. Line;3. 私人部門;i. 獨立設計師、建築師或開發商;"a. 政府（中央）;b. 政府（地方）;l. 個人公民";中立;中立;中立;中立;"b. 全球性活動和論壇;d. 商業群聚和創業生態系統;g. 網路上（網路論壇和其他應用程式）";2;3;b. 不會;"a. 網路上的研究調查;d. 電子投票系統";d. 每個月一個小時
2019/11/18 9:49:47 AM UTC+8;b. 女性;1979-07-04;1979-07-04;新北市板橋區;2;"e. 電子郵件和新聞通訊;g. 報紙（專業新聞）;i. 電視";"a. Facebook;f. Instagram";a. Line;4. 民間社會團體和第三部門 (志工團體）;g. 財團法人（資訊科技或營造業相關）;"a. 政府（中央）;g. 財團法人（資訊科技或營造業相關）";中立;中立;中立;中立;g. 網路上（網路論壇和其他應用程式）;1;2;a. 會;a. 網路上的研究調查;c. 每週一個小時