Horodateur;1. Are you a :;2. What is your birth date (approximately) ?;3. When did you started to live in Tel Aviv ? (approximately);4. Which district of Tel aviv are you living in ?;5. How much do you feel engaged in Decision-Making in Tel Aviv city ?;6. What kind of media provides you the information you need to make an opinion on the decisions to make (multiple answer available ) ?;7. Which social media are you using the most (multiple answer available) ?;8. Which Messaging app are you using the most (multiple answer available) ?;9. Which category of Stakeholder do you feel to be part of ?;10. Which type of actor represents you the best ?;11. In your decision-making, which type of actor do you feel the most influenced by (Multiple answer available) ?;12. How would you qualify your relationship with these categories of stakeholders ? [1. Governmental & Public Sector];12. How would you qualify your relationship with these categories of stakeholders ? [2. University Academics, Research & Innovation];12. How would you qualify your relationship with these categories of stakeholders ? [3. Private Sector];12. How would you qualify your relationship with these categories of stakeholders ? [4. Civil Society, Social and Third Sector];13. Where do you usually meet other actors of decision-making (multiple answer available) ?;14. How much do you feel you can express your opinion in that places ?;15. How much do you feel that meeting other actors makes you change your opinion ?;16. Would you like to engage more in decision-making on your city ?;17. What kind of engagement are you open to (multiple answers available) ?;18. How many time would you agree to spend in engagement on decision-making for your city ?
2020/02/16 12:34:59 PM UTC+3;a. Man;1954-04-03;2014-01-01;8. Ramat Aviv Gimmel;1;"c. Word to mouth between friends, family and neighbors;e. Emails and Newsletters";"c. Youtube;e. LinkedIn";"b. Whatsapp;c. WeChat;e. Telegram";3. Private Sector;d. Financial and Founding Partner;j. Grassroot Movement, Local Association and Non-Profit;Contrary (bad relationship and oppositions in decision-making);Neutral;Neutral;Pro (good relationship and mutual influence);g. Online (web forums and applications);3;4;b. No;e. Community Project Management;e. One hour a year
2020/02/16 4:48:54 PM UTC+3;a. Man;1986-07-05;2014-01-01;26. Lev HaIr;10;"a. Social Medias (Facebook, Twitter, Youtube, LinkedIn, Instagram ... );b. Messaging Applications (Line, WhatsApp, WeChat, Slack, Telegram ... );c. Word to mouth between friends, family and neighbors;d. Informational websites and Internet;e. Emails and Newsletters;f. Print Communication (Books, Flyers, Independent Activist Newspapers ... )";"a. Facebook;b. Twitter;e. LinkedIn;f. Instagram";b. Whatsapp;4. Civil Society, Social and Third Sector;c. Public Services;"a. Government (National);f. Private Research & Innovation;g. Corporate Company (IT or Construction Industry)";Pro (good relationship and mutual influence);Pro (good relationship and mutual influence);Neutral;Neutral;"c. Innovation and startup support structure;d. Business clusters and entrepreneurial ecosystems;f. City Council or other Governmental Deliberative Assemblies";3;4;a. Yes;e. Community Project Management;f. Less than one hour a year
2020/02/16 6:05:02 PM UTC+3;a. Man;1983-03-11;2017-12-30;43. Kiryat Shalom;7;"a. Social Medias (Facebook, Twitter, Youtube, LinkedIn, Instagram ... );b. Messaging Applications (Line, WhatsApp, WeChat, Slack, Telegram ... );c. Word to mouth between friends, family and neighbors;d. Informational websites and Internet;j. City Council";"a. Facebook;c. Youtube;e. LinkedIn;f. Instagram";b. Whatsapp;3. Private Sector;h. eCommerce, Startup, Small and Medium Enterprise;h. eCommerce, Startup, Small and Medium Enterprise;Pro (good relationship and mutual influence);Pro (good relationship and mutual influence);Pro (good relationship and mutual influence);Pro (good relationship and mutual influence);"a. Neighborhood associations and district events;d. Business clusters and entrepreneurial ecosystems";5;3;a. Yes;"a. Online Survey Studies;b. Participative Workshops;e. Community Project Management";d. One hour a month
2020/02/16 7:53:42 PM UTC+3;a. Man;1951-11-19;2019-08-01;;4;"a. Social Medias (Facebook, Twitter, Youtube, LinkedIn, Instagram ... );b. Messaging Applications (Line, WhatsApp, WeChat, Slack, Telegram ... );c. Word to mouth between friends, family and neighbors;d. Informational websites and Internet;e. Emails and Newsletters";"a. Facebook;f. Instagram";b. Whatsapp;3. Private Sector;l. Individual Citizen;l. Individual Citizen;Contrary (bad relationship and oppositions in decision-making);Neutral;Neutral;Pro (good relationship and mutual influence);"c. Innovation and startup support structure;d. Business clusters and entrepreneurial ecosystems;g. Online (web forums and applications)";5;4;a. Yes;"a. Online Survey Studies;c. One-to-one Interviews by phone, webcall or meeting;d. Mobile Voting Application";c. One hour a week
2020/02/17 1:44:32 PM UTC+3;b. Woman;1989-01-01;2012-01-01;26. Lev HaIr;4;"a. Social Medias (Facebook, Twitter, Youtube, LinkedIn, Instagram ... );c. Word to mouth between friends, family and neighbors;d. Informational websites and Internet;f. Print Communication (Books, Flyers, Independent Activist Newspapers ... )";"a. Facebook;e. LinkedIn;f. Instagram";"b. Whatsapp;d. Slack";3. Private Sector;h. eCommerce, Startup, Small and Medium Enterprise;"g. Corporate Company (IT or Construction Industry);h. eCommerce, Startup, Small and Medium Enterprise;j. Grassroot Movement, Local Association and Non-Profit";Pro (good relationship and mutual influence);Neutral;Pro (good relationship and mutual influence);Neutral;"a. Neighborhood associations and district events;b. Global promotional events and forums;c. Innovation and startup support structure;g. Online (web forums and applications)";3;3;a. Yes;"a. Online Survey Studies;c. One-to-one Interviews by phone, webcall or meeting";c. One hour a week
2020/02/18 9:38:12 AM UTC+3;a. Man;1989-12-23;2016-06-12;31. Neve Tzedek;3;"d. Informational websites and Internet;e. Emails and Newsletters";"e. LinkedIn;h. Snapchat";b. Whatsapp;3. Private Sector;j. Grassroot Movement, Local Association and Non-Profit;l. Individual Citizen;Pro (good relationship and mutual influence);Pro (good relationship and mutual influence);Pro (good relationship and mutual influence);Pro (good relationship and mutual influence);"c. Innovation and startup support structure;g. Online (web forums and applications)";5;3;a. Yes;c. One-to-one Interviews by phone, webcall or meeting;d. One hour a month
2020/02/18 10:50:18 AM UTC+3;a. Man;1987-11-02;2017-12-17;23. HaTzafon HaYashan;2;"a. Social Medias (Facebook, Twitter, Youtube, LinkedIn, Instagram ... );c. Word to mouth between friends, family and neighbors;d. Informational websites and Internet;e. Emails and Newsletters";e. LinkedIn;b. Whatsapp;4. Civil Society, Social and Third Sector;h. eCommerce, Startup, Small and Medium Enterprise;"b. Government (Local);c. Public Services;e. Academic Research & University;g. Corporate Company (IT or Construction Industry);j. Grassroot Movement, Local Association and Non-Profit;l. Individual Citizen";Neutral;Neutral;Neutral;Neutral;"c. Innovation and startup support structure;d. Business clusters and entrepreneurial ecosystems;e. Urban Infrastructure (Public Real-Estate, Transportation systems, Public Sport and Leisure areas);f. City Council or other Governmental Deliberative Assemblies";2;3;a. Yes;"a. Online Survey Studies;d. Mobile Voting Application";d. One hour a month
2020/02/19 3:15:18 PM UTC+3;a. Man;1967-05-07;2005-03-01;25. Montefiore;5;"a. Social Medias (Facebook, Twitter, Youtube, LinkedIn, Instagram ... );c. Word to mouth between friends, family and neighbors;d. Informational websites and Internet;g. Newspaper Industry (Professional Journalism);h. Radio;i. Television";"a. Facebook;b. Twitter;c. Youtube;e. LinkedIn;f. Instagram";b. Whatsapp;3. Private Sector;g. Corporate Company (IT or Construction Industry);g. Corporate Company (IT or Construction Industry);Neutral;Pro (good relationship and mutual influence);Pro (good relationship and mutual influence);Pro (good relationship and mutual influence);"b. Global promotional events and forums;c. Innovation and startup support structure;d. Business clusters and entrepreneurial ecosystems;e. Urban Infrastructure (Public Real-Estate, Transportation systems, Public Sport and Leisure areas);g. Online (web forums and applications)";4;3;a. Yes;"a. Online Survey Studies;c. One-to-one Interviews by phone, webcall or meeting;d. Mobile Voting Application";a. More than one hour a day
2020/02/19 4:22:06 PM UTC+3;b. Woman;1966-02-19;2010-02-19;R;4;"a. Social Medias (Facebook, Twitter, Youtube, LinkedIn, Instagram ... );c. Word to mouth between friends, family and neighbors;d. Informational websites and Internet;h. Radio;i. Television";"b. Twitter;c. Youtube;e. LinkedIn";b. Whatsapp;3. Private Sector;l. Individual Citizen;"f. Private Research & Innovation;g. Corporate Company (IT or Construction Industry);l. Individual Citizen";Neutral;Pro (good relationship and mutual influence);Pro (good relationship and mutual influence);Neutral;"b. Global promotional events and forums;c. Innovation and startup support structure;g. Online (web forums and applications)";4;4;a. Yes;"a. Online Survey Studies;d. Mobile Voting Application";e. One hour a year
2020/02/23 2:23:57 PM UTC+3;a. Man;1988-02-09;2000-07-19;8. Ramat Aviv Gimmel;5;"a. Social Medias (Facebook, Twitter, Youtube, LinkedIn, Instagram ... );b. Messaging Applications (Line, WhatsApp, WeChat, Slack, Telegram ... );c. Word to mouth between friends, family and neighbors";"a. Facebook;c. Youtube;f. Instagram;h. Snapchat";"b. Whatsapp;e. Telegram";2. University Academics, Research & Innovation;h. eCommerce, Startup, Small and Medium Enterprise;"a. Government (National);b. Government (Local);g. Corporate Company (IT or Construction Industry);h. eCommerce, Startup, Small and Medium Enterprise";Neutral;Pro (good relationship and mutual influence);Neutral;Neutral;"a. Neighborhood associations and district events;c. Innovation and startup support structure;d. Business clusters and entrepreneurial ecosystems";1;3;a. Yes;a. Online Survey Studies;d. One hour a month
2020/02/24 7:42:00 AM UTC+3;a. Man;1988-12-26;2016-02-03;Gani tikva 8k outside tell avIv;1;d. Informational websites and Internet;"a. Facebook;e. LinkedIn";b. Whatsapp;3. Private Sector;l. Individual Citizen;"f. Private Research & Innovation;g. Corporate Company (IT or Construction Industry);k. International NGOs and Third Sector;l. Individual Citizen";Contrary (bad relationship and oppositions in decision-making);Neutral;Pro (good relationship and mutual influence);Neutral;g. Online (web forums and applications);3;2;a. Yes;"a. Online Survey Studies;b. Participative Workshops";c. One hour a week
2020/02/25 9:32:01 PM UTC+3;b. Woman;1992-05-21;2017-01-01;31. Neve Tzedek;6;"a. Social Medias (Facebook, Twitter, Youtube, LinkedIn, Instagram ... );c. Word to mouth between friends, family and neighbors;d. Informational websites and Internet;e. Emails and Newsletters;f. Print Communication (Books, Flyers, Independent Activist Newspapers ... )";"a. Facebook;e. LinkedIn";"b. Whatsapp;e. Telegram";4. Civil Society, Social and Third Sector;j. Grassroot Movement, Local Association and Non-Profit;"a. Government (National);b. Government (Local);c. Public Services";Contrary (bad relationship and oppositions in decision-making);Pro (good relationship and mutual influence);Neutral;Pro (good relationship and mutual influence);"e. Urban Infrastructure (Public Real-Estate, Transportation systems, Public Sport and Leisure areas);g. Online (web forums and applications)";5;3;a. Yes;"a. Online Survey Studies;c. One-to-one Interviews by phone, webcall or meeting;d. Mobile Voting Application;e. Community Project Management";d. One hour a month
2020/02/28 9:56:36 AM UTC+3;a. Man;1980-10-16;1980-10-16;35. Yafo C;7;"a. Social Medias (Facebook, Twitter, Youtube, LinkedIn, Instagram ... );d. Informational websites and Internet;g. Newspaper Industry (Professional Journalism);j. City Council";"a. Facebook;b. Twitter";"a. Line;b. Whatsapp";4. Civil Society, Social and Third Sector;l. Individual Citizen;"a. Government (National);c. Public Services;g. Corporate Company (IT or Construction Industry);l. Individual Citizen";Neutral;Pro (good relationship and mutual influence);Neutral;Pro (good relationship and mutual influence);"a. Neighborhood associations and district events;b. Global promotional events and forums;c. Innovation and startup support structure;e. Urban Infrastructure (Public Real-Estate, Transportation systems, Public Sport and Leisure areas);f. City Council or other Governmental Deliberative Assemblies";1;3;a. Yes;"a. Online Survey Studies;b. Participative Workshops;d. Mobile Voting Application;e. Community Project Management";d. One hour a month
2020/03/01 5:02:45 PM UTC+3;b. Woman;1991-01-05;2015-01-01;7. Ramat Aviv Aleph;2;"a. Social Medias (Facebook, Twitter, Youtube, LinkedIn, Instagram ... );c. Word to mouth between friends, family and neighbors;d. Informational websites and Internet;g. Newspaper Industry (Professional Journalism);h. Radio;i. Television";a. Facebook;b. Whatsapp;3. Private Sector;l. Individual Citizen;"a. Government (National);b. Government (Local);e. Academic Research & University";Neutral;Neutral;Neutral;Neutral;g. Online (web forums and applications);3;2;b. No;d. Mobile Voting Application;e. One hour a year
2020/03/01 5:05:52 PM UTC+3;a. Man;2015-10-29;2016-04-07;40. Florentin;5;"d. Informational websites and Internet;g. Newspaper Industry (Professional Journalism)";a. Facebook;b. Whatsapp;1. Governmental & Public Sector;a. Government (National);"a. Government (National);f. Private Research & Innovation";Pro (good relationship and mutual influence);Pro (good relationship and mutual influence);Pro (good relationship and mutual influence);Pro (good relationship and mutual influence);"b. Global promotional events and forums;c. Innovation and startup support structure;d. Business clusters and entrepreneurial ecosystems;g. Online (web forums and applications)";5;3;a. Yes;"a. Online Survey Studies;b. Participative Workshops;c. One-to-one Interviews by phone, webcall or meeting;d. Mobile Voting Application;e. Community Project Management";a. More than one hour a day
2020/03/01 6:45:11 PM UTC+3;a. Man;1959-05-28;2013-04-15;26. Lev HaIr;1;"b. Messaging Applications (Line, WhatsApp, WeChat, Slack, Telegram ... );c. Word to mouth between friends, family and neighbors;e. Emails and Newsletters;g. Newspaper Industry (Professional Journalism)";"a. Facebook;c. Youtube;e. LinkedIn";b. Whatsapp;3. Private Sector;d. Financial and Founding Partner;"a. Government (National);b. Government (Local);f. Private Research & Innovation";Neutral;Pro (good relationship and mutual influence);Neutral;Neutral;"a. Neighborhood associations and district events;c. Innovation and startup support structure;g. Online (web forums and applications)";4;4;a. Yes;"a. Online Survey Studies;d. Mobile Voting Application";d. One hour a month
2020/03/01 7:30:57 PM UTC+3;b. Woman;1974-04-29;2010-02-01;26. Lev HaIr;3;"a. Social Medias (Facebook, Twitter, Youtube, LinkedIn, Instagram ... );c. Word to mouth between friends, family and neighbors;e. Emails and Newsletters";"a. Facebook;e. LinkedIn;f. Instagram";b. Whatsapp;4. Civil Society, Social and Third Sector;l. Individual Citizen;"h. eCommerce, Startup, Small and Medium Enterprise;k. International NGOs and Third Sector;l. Individual Citizen";Contrary (bad relationship and oppositions in decision-making);Neutral;Neutral;Neutral;"b. Global promotional events and forums;c. Innovation and startup support structure";3;5;a. Yes;"a. Online Survey Studies;b. Participative Workshops;c. One-to-one Interviews by phone, webcall or meeting;d. Mobile Voting Application;e. Community Project Management";c. One hour a week
2020/03/01 9:32:21 PM UTC+3;a. Man;1991-10-12;2018-01-01;Rotshild ;6;"a. Social Medias (Facebook, Twitter, Youtube, LinkedIn, Instagram ... );c. Word to mouth between friends, family and neighbors;f. Print Communication (Books, Flyers, Independent Activist Newspapers ... )";"a. Facebook;b. Twitter;c. Youtube";b. Whatsapp;3. Private Sector;h. eCommerce, Startup, Small and Medium Enterprise;"a. Government (National);c. Public Services;h. eCommerce, Startup, Small and Medium Enterprise";Neutral;Pro (good relationship and mutual influence);Neutral;Pro (good relationship and mutual influence);"b. Global promotional events and forums;d. Business clusters and entrepreneurial ecosystems";5;3;a. Yes;b. Participative Workshops;b. One hour a day
2020/03/02 12:23:48 AM UTC+3;b. Woman;1991-01-19;2013-10-02;40. Florentin;5;"a. Social Medias (Facebook, Twitter, Youtube, LinkedIn, Instagram ... );c. Word to mouth between friends, family and neighbors";"a. Facebook;f. Instagram";b. Whatsapp;4. Civil Society, Social and Third Sector;j. Grassroot Movement, Local Association and Non-Profit;"a. Government (National);b. Government (Local);c. Public Services;j. Grassroot Movement, Local Association and Non-Profit;k. International NGOs and Third Sector;l. Individual Citizen";Neutral;Neutral;Contrary (bad relationship and oppositions in decision-making);Pro (good relationship and mutual influence);g. Online (web forums and applications);2;3;a. Yes;"a. Online Survey Studies;b. Participative Workshops;c. One-to-one Interviews by phone, webcall or meeting;d. Mobile Voting Application;e. Community Project Management";c. One hour a week
2020/03/02 1:56:52 AM UTC+3;a. Man;1956-12-11;2010-05-01;26. Lev HaIr;3;"c. Word to mouth between friends, family and neighbors;d. Informational websites and Internet";"a. Facebook;f. Instagram";b. Whatsapp;2. University Academics, Research & Innovation;i. Independent Designer, Architect or Developer;l. Individual Citizen;Neutral;Pro (good relationship and mutual influence);Pro (good relationship and mutual influence);Pro (good relationship and mutual influence);"a. Neighborhood associations and district events;b. Global promotional events and forums;g. Online (web forums and applications)";3;3;a. Yes;e. Community Project Management;c. One hour a week
2020/03/02 7:11:01 AM UTC+3;b. Woman;1979-11-01;2006-07-07;26. Lev HaIr;4;"a. Social Medias (Facebook, Twitter, Youtube, LinkedIn, Instagram ... );c. Word to mouth between friends, family and neighbors";"a. Facebook;e. LinkedIn";"c. WeChat;e. Telegram";2. University Academics, Research & Innovation;i. Independent Designer, Architect or Developer;f. Private Research & Innovation;Contrary (bad relationship and oppositions in decision-making);Neutral;Neutral;Neutral;"a. Neighborhood associations and district events;b. Global promotional events and forums;c. Innovation and startup support structure;g. Online (web forums and applications)";3;2;a. Yes;"d. Mobile Voting Application;e. Community Project Management";c. One hour a week
2020/03/02 12:36:47 PM UTC+3;a. Man;1989-03-25;2019-07-17;26. Lev HaIr;3;"a. Social Medias (Facebook, Twitter, Youtube, LinkedIn, Instagram ... );c. Word to mouth between friends, family and neighbors";"a. Facebook;b. Twitter;c. Youtube;e. LinkedIn;f. Instagram";b. Whatsapp;3. Private Sector;i. Independent Designer, Architect or Developer;h. eCommerce, Startup, Small and Medium Enterprise;Pro (good relationship and mutual influence);Pro (good relationship and mutual influence);Pro (good relationship and mutual influence);Pro (good relationship and mutual influence);"a. Neighborhood associations and district events;c. Innovation and startup support structure;d. Business clusters and entrepreneurial ecosystems;g. Online (web forums and applications)";4;3;a. Yes;"a. Online Survey Studies;b. Participative Workshops;c. One-to-one Interviews by phone, webcall or meeting;d. Mobile Voting Application;e. Community Project Management";a. More than one hour a day
2020/03/02 5:59:44 PM UTC+3;b. Woman;1980-08-15;2015-09-15;I commute all over for work;3;"a. Social Medias (Facebook, Twitter, Youtube, LinkedIn, Instagram ... );b. Messaging Applications (Line, WhatsApp, WeChat, Slack, Telegram ... );c. Word to mouth between friends, family and neighbors";"a. Facebook;e. LinkedIn";b. Whatsapp;4. Civil Society, Social and Third Sector;f. Private Research & Innovation;b. Government (Local);Pro (good relationship and mutual influence);Pro (good relationship and mutual influence);Pro (good relationship and mutual influence);Pro (good relationship and mutual influence);"a. Neighborhood associations and district events;b. Global promotional events and forums;c. Innovation and startup support structure;d. Business clusters and entrepreneurial ecosystems;f. City Council or other Governmental Deliberative Assemblies;g. Online (web forums and applications)";4;3;a. Yes;"a. Online Survey Studies;c. One-to-one Interviews by phone, webcall or meeting;d. Mobile Voting Application;e. Community Project Management";c. One hour a week
2020/03/04 9:21:44 AM UTC+3;a. Man;1944-09-26;2009-02-10;near Kikar Rabin;3;"a. Social Medias (Facebook, Twitter, Youtube, LinkedIn, Instagram ... );b. Messaging Applications (Line, WhatsApp, WeChat, Slack, Telegram ... );c. Word to mouth between friends, family and neighbors;g. Newspaper Industry (Professional Journalism)";a. Facebook;b. Whatsapp;3. Private Sector;l. Individual Citizen;l. Individual Citizen;Pro (good relationship and mutual influence);Pro (good relationship and mutual influence);Pro (good relationship and mutual influence);Pro (good relationship and mutual influence);"c. Innovation and startup support structure;d. Business clusters and entrepreneurial ecosystems;e. Urban Infrastructure (Public Real-Estate, Transportation systems, Public Sport and Leisure areas)";3;4;a. Yes;"a. Online Survey Studies;c. One-to-one Interviews by phone, webcall or meeting";b. One hour a day
2020/03/04 1:02:09 PM UTC+3;a. Man;1983-10-26;2011-10-01;26. Lev HaIr;2;"a. Social Medias (Facebook, Twitter, Youtube, LinkedIn, Instagram ... );c. Word to mouth between friends, family and neighbors;d. Informational websites and Internet";"a. Facebook;e. LinkedIn;f. Instagram";b. Whatsapp;3. Private Sector;h. eCommerce, Startup, Small and Medium Enterprise;b. Government (Local);Neutral;Neutral;Neutral;Neutral;"a. Neighborhood associations and district events;b. Global promotional events and forums;c. Innovation and startup support structure;d. Business clusters and entrepreneurial ecosystems;g. Online (web forums and applications)";4;5;a. Yes;"a. Online Survey Studies;c. One-to-one Interviews by phone, webcall or meeting";d. One hour a month
2020/03/04 10:02:33 PM UTC+3;a. Man;1962-09-12;1983-06-01;21. Tzahala;2;"a. Social Medias (Facebook, Twitter, Youtube, LinkedIn, Instagram ... );b. Messaging Applications (Line, WhatsApp, WeChat, Slack, Telegram ... );c. Word to mouth between friends, family and neighbors;d. Informational websites and Internet;e. Emails and Newsletters";"e. LinkedIn;f. Instagram";"b. Whatsapp;e. Telegram";3. Private Sector;d. Financial and Founding Partner;"d. Financial and Founding Partner;f. Private Research & Innovation;g. Corporate Company (IT or Construction Industry)";Neutral;Neutral;Pro (good relationship and mutual influence);Neutral;"b. Global promotional events and forums;c. Innovation and startup support structure;d. Business clusters and entrepreneurial ecosystems;g. Online (web forums and applications)";5;4;a. Yes;"a. Online Survey Studies;b. Participative Workshops;c. One-to-one Interviews by phone, webcall or meeting;d. Mobile Voting Application;e. Community Project Management";e. One hour a year
2020/03/05 11:25:03 AM UTC+3;a. Man;1963-10-21;2000-08-16;26. Lev HaIr;4;"c. Word to mouth between friends, family and neighbors;d. Informational websites and Internet;j. City Council";"a. Facebook;c. Youtube;e. LinkedIn;f. Instagram";"b. Whatsapp;e. Telegram";3. Private Sector;c. Public Services;"e. Academic Research & University;f. Private Research & Innovation;l. Individual Citizen";Contrary (bad relationship and oppositions in decision-making);Neutral;Pro (good relationship and mutual influence);Neutral;"e. Urban Infrastructure (Public Real-Estate, Transportation systems, Public Sport and Leisure areas);g. Online (web forums and applications)";4;2;a. Yes;"a. Online Survey Studies;d. Mobile Voting Application";c. One hour a week
2020/03/13 4:39:55 PM UTC+3;b. Woman;1984-11-15;2005-04-20;52. Yad Eliyahu;4;"a. Social Medias (Facebook, Twitter, Youtube, LinkedIn, Instagram ... );b. Messaging Applications (Line, WhatsApp, WeChat, Slack, Telegram ... );c. Word to mouth between friends, family and neighbors;d. Informational websites and Internet";"a. Facebook;f. Instagram";"b. Whatsapp;e. Telegram";3. Private Sector;f. Private Research & Innovation;"a. Government (National);b. Government (Local);c. Public Services;d. Financial and Founding Partner;g. Corporate Company (IT or Construction Industry);h. eCommerce, Startup, Small and Medium Enterprise";Contrary (bad relationship and oppositions in decision-making);Neutral;Neutral;Pro (good relationship and mutual influence);"b. Global promotional events and forums;c. Innovation and startup support structure;d. Business clusters and entrepreneurial ecosystems;g. Online (web forums and applications)";2;4;a. Yes;"a. Online Survey Studies;b. Participative Workshops;e. Community Project Management";c. One hour a week
2020/03/15 12:27:49 PM UTC+3;b. Woman;1984-09-19;2017-03-10;44. Shapira;3;"a. Social Medias (Facebook, Twitter, Youtube, LinkedIn, Instagram ... );c. Word to mouth between friends, family and neighbors;d. Informational websites and Internet;g. Newspaper Industry (Professional Journalism)";"a. Facebook;e. LinkedIn";b. Whatsapp;4. Civil Society, Social and Third Sector;k. International NGOs and Third Sector;k. International NGOs and Third Sector;Contrary (bad relationship and oppositions in decision-making);Pro (good relationship and mutual influence);Neutral;Pro (good relationship and mutual influence);"b. Global promotional events and forums;c. Innovation and startup support structure;d. Business clusters and entrepreneurial ecosystems";3;3;a. Yes;"b. Participative Workshops;e. Community Project Management";c. One hour a week
2020/03/16 4:53:03 PM UTC+3;a. Man;1950-06-10;2015-01-01;7. Ramat Aviv Aleph;7;"a. Social Medias (Facebook, Twitter, Youtube, LinkedIn, Instagram ... );e. Emails and Newsletters;g. Newspaper Industry (Professional Journalism);h. Radio;i. Television";"a. Facebook;e. LinkedIn";b. Whatsapp;3. Private Sector;b. Government (Local);"b. Government (Local);e. Academic Research & University;h. eCommerce, Startup, Small and Medium Enterprise;k. International NGOs and Third Sector";Neutral;Pro (good relationship and mutual influence);Neutral;Pro (good relationship and mutual influence);"b. Global promotional events and forums;c. Innovation and startup support structure;e. Urban Infrastructure (Public Real-Estate, Transportation systems, Public Sport and Leisure areas)";3;3;a. Yes;"a. Online Survey Studies;c. One-to-one Interviews by phone, webcall or meeting;e. Community Project Management";c. One hour a week
2020/03/17 11:08:41 AM UTC+3;a. Man;2015-11-17;2018-12-20;6. Nofei Yam;1;"c. Word to mouth between friends, family and neighbors;d. Informational websites and Internet;e. Emails and Newsletters;g. Newspaper Industry (Professional Journalism)";"e. LinkedIn;WhatsApp ";b. Whatsapp;1. Governmental & Public Sector;g. Corporate Company (IT or Construction Industry);"b. Government (Local);g. Corporate Company (IT or Construction Industry)";Pro (good relationship and mutual influence);Neutral;Neutral;Pro (good relationship and mutual influence);"c. Innovation and startup support structure;d. Business clusters and entrepreneurial ecosystems;e. Urban Infrastructure (Public Real-Estate, Transportation systems, Public Sport and Leisure areas)";3;4;a. Yes;"b. Participative Workshops;c. One-to-one Interviews by phone, webcall or meeting;e. Community Project Management";c. One hour a week
2020/03/17 5:30:55 PM UTC+3;a. Man;1971-01-01;2009-01-01;26. Lev HaIr;2;"a. Social Medias (Facebook, Twitter, Youtube, LinkedIn, Instagram ... );d. Informational websites and Internet;e. Emails and Newsletters";"c. Youtube;e. LinkedIn";b. Whatsapp;3. Private Sector;d. Financial and Founding Partner;"g. Corporate Company (IT or Construction Industry);h. eCommerce, Startup, Small and Medium Enterprise";Pro (good relationship and mutual influence);Neutral;Pro (good relationship and mutual influence);Contrary (bad relationship and oppositions in decision-making);"c. Innovation and startup support structure;d. Business clusters and entrepreneurial ecosystems";4;3;a. Yes;d. Mobile Voting Application;f. Less than one hour a year
2020/03/18 5:20:11 PM UTC+3;b. Woman;1992-10-15;2018-10-01;31. Neve Tzedek;4;"a. Social Medias (Facebook, Twitter, Youtube, LinkedIn, Instagram ... );b. Messaging Applications (Line, WhatsApp, WeChat, Slack, Telegram ... );c. Word to mouth between friends, family and neighbors";a. Facebook;b. Whatsapp;2. University Academics, Research & Innovation;l. Individual Citizen;"j. Grassroot Movement, Local Association and Non-Profit;k. International NGOs and Third Sector;l. Individual Citizen";Neutral;Pro (good relationship and mutual influence);Pro (good relationship and mutual influence);Pro (good relationship and mutual influence);g. Online (web forums and applications);4;4;a. Yes;"a. Online Survey Studies;e. Community Project Management";c. One hour a week
2020/03/19 9:59:23 PM UTC+3;a. Man;1992-11-28;2108-07-15;23. HaTzafon HaYashan;1;"a. Social Medias (Facebook, Twitter, Youtube, LinkedIn, Instagram ... );c. Word to mouth between friends, family and neighbors;d. Informational websites and Internet;i. Television";"a. Facebook;e. LinkedIn;f. Instagram";b. Whatsapp;5. Media;l. Individual Citizen;"b. Government (Local);l. Individual Citizen";Neutral;Pro (good relationship and mutual influence);Pro (good relationship and mutual influence);Pro (good relationship and mutual influence);"b. Global promotional events and forums;c. Innovation and startup support structure;d. Business clusters and entrepreneurial ecosystems";5;3;a. Yes;"a. Online Survey Studies;e. Community Project Management";d. One hour a month
2020/03/21 12:20:19 PM UTC+3;a. Man;1976-12-24;2019-02-01;9. Ramat Aviv HaHadasha;3;"a. Social Medias (Facebook, Twitter, Youtube, LinkedIn, Instagram ... );b. Messaging Applications (Line, WhatsApp, WeChat, Slack, Telegram ... );c. Word to mouth between friends, family and neighbors;e. Emails and Newsletters";a. Facebook;b. Whatsapp;1. Governmental & Public Sector;f. Private Research & Innovation;"a. Government (National);f. Private Research & Innovation;g. Corporate Company (IT or Construction Industry)";Pro (good relationship and mutual influence);Neutral;Pro (good relationship and mutual influence);Neutral;"a. Neighborhood associations and district events;g. Online (web forums and applications)";1;3;a. Yes;"a. Online Survey Studies;d. Mobile Voting Application";e. One hour a year
2020/03/23 8:00:18 PM UTC+3;b. Woman;1991-06-09;2019-07-10;26. Lev HaIr;2;"a. Social Medias (Facebook, Twitter, Youtube, LinkedIn, Instagram ... );b. Messaging Applications (Line, WhatsApp, WeChat, Slack, Telegram ... );c. Word to mouth between friends, family and neighbors";"a. Facebook;e. LinkedIn;f. Instagram";b. Whatsapp;3. Private Sector;g. Corporate Company (IT or Construction Industry);"a. Government (National);c. Public Services;e. Academic Research & University";Neutral;Pro (good relationship and mutual influence);Pro (good relationship and mutual influence);Pro (good relationship and mutual influence);"c. Innovation and startup support structure;d. Business clusters and entrepreneurial ecosystems;g. Online (web forums and applications)";3;4;a. Yes;"a. Online Survey Studies;c. One-to-one Interviews by phone, webcall or meeting;e. Community Project Management";d. One hour a month
2020/03/25 3:33:05 PM UTC+3;a. Man;1994-05-11;2012-09-04;23. HaTzafon HaYashan;2;"a. Social Medias (Facebook, Twitter, Youtube, LinkedIn, Instagram ... );c. Word to mouth between friends, family and neighbors;i. Television";"a. Facebook;b. Twitter;c. Youtube;e. LinkedIn;f. Instagram";b. Whatsapp;3. Private Sector;a. Government (National);"a. Government (National);b. Government (Local)";Neutral;Contrary (bad relationship and oppositions in decision-making);Neutral;Neutral;"a. Neighborhood associations and district events;b. Global promotional events and forums;g. Online (web forums and applications)";2;3;a. Yes;"a. Online Survey Studies;d. Mobile Voting Application;e. Community Project Management";b. One hour a day
2020/03/25 8:57:38 PM UTC+3;a. Man;1994-01-11;2015-01-01;25. Montefiore;1;g. Newspaper Industry (Professional Journalism);a. Facebook;b. Whatsapp;3. Private Sector;d. Financial and Founding Partner;d. Financial and Founding Partner;Neutral;Neutral;Pro (good relationship and mutual influence);Neutral;"b. Global promotional events and forums;c. Innovation and startup support structure;d. Business clusters and entrepreneurial ecosystems";2;3;a. Yes;"a. Online Survey Studies;b. Participative Workshops;c. One-to-one Interviews by phone, webcall or meeting";d. One hour a month
2020/03/26 3:57:17 PM UTC+3;b. Woman;1991-01-01;2015-07-07;26. Lev HaIr;2;"a. Social Medias (Facebook, Twitter, Youtube, LinkedIn, Instagram ... );i. Television";"a. Facebook;c. Youtube;f. Instagram";b. Whatsapp;3. Private Sector;l. Individual Citizen;l. Individual Citizen;Neutral;Neutral;Neutral;Neutral;"e. Urban Infrastructure (Public Real-Estate, Transportation systems, Public Sport and Leisure areas);g. Online (web forums and applications)";5;3;a. Yes;"a. Online Survey Studies;b. Participative Workshops";c. One hour a week
2020/03/26 10:41:54 PM UTC+3;b. Woman;1998-07-15;2017-09-01;24. Yehuda HaMaccabi;3;"a. Social Medias (Facebook, Twitter, Youtube, LinkedIn, Instagram ... );c. Word to mouth between friends, family and neighbors";a. Facebook;b. Whatsapp;2. University Academics, Research & Innovation;e. Academic Research & University;a. Government (National);Neutral;Neutral;Neutral;Neutral;a. Neighborhood associations and district events;2;2;a. Yes;"a. Online Survey Studies;b. Participative Workshops;d. Mobile Voting Application;e. Community Project Management";e. One hour a year
2020/03/27 10:04:29 AM UTC+3;b. Woman;1994-07-09;2020-01-01;Rothschild Boulevard;1;"a. Social Medias (Facebook, Twitter, Youtube, LinkedIn, Instagram ... );d. Informational websites and Internet;g. Newspaper Industry (Professional Journalism)";"a. Facebook;e. LinkedIn;f. Instagram";b. Whatsapp;4. Civil Society, Social and Third Sector;l. Individual Citizen;h. eCommerce, Startup, Small and Medium Enterprise;Neutral;Neutral;Neutral;Neutral;c. Innovation and startup support structure;3;3;a. Yes;"a. Online Survey Studies;c. One-to-one Interviews by phone, webcall or meeting;d. Mobile Voting Application;e. Community Project Management";d. One hour a month
2020/03/30 6:16:32 PM UTC+3;b. Woman;1958-11-19;1979-07-26;25. Montefiore;2;"a. Social Medias (Facebook, Twitter, Youtube, LinkedIn, Instagram ... );b. Messaging Applications (Line, WhatsApp, WeChat, Slack, Telegram ... );d. Informational websites and Internet;e. Emails and Newsletters";"a. Facebook;b. Twitter;f. Instagram";b. Whatsapp;4. Civil Society, Social and Third Sector;l. Individual Citizen;l. Individual Citizen;Neutral;Neutral;Neutral;Pro (good relationship and mutual influence);"a. Neighborhood associations and district events;e. Urban Infrastructure (Public Real-Estate, Transportation systems, Public Sport and Leisure areas)";5;3;a. Yes;"a. Online Survey Studies;b. Participative Workshops;c. One-to-one Interviews by phone, webcall or meeting;d. Mobile Voting Application;e. Community Project Management";c. One hour a week
2020/04/01 1:05:23 PM UTC+3;a. Man;1993-04-01;2019-08-22;23. HaTzafon HaYashan;5;a. Social Medias (Facebook, Twitter, Youtube, LinkedIn, Instagram ... );"a. Facebook;e. LinkedIn";b. Whatsapp;3. Private Sector;d. Financial and Founding Partner;"b. Government (Local);c. Public Services;f. Private Research & Innovation";Neutral;Neutral;Pro (good relationship and mutual influence);Neutral;"c. Innovation and startup support structure;g. Online (web forums and applications)";3;3;a. Yes;"c. One-to-one Interviews by phone, webcall or meeting;d. Mobile Voting Application";c. One hour a week
2020/04/05 12:48:10 AM UTC+3;a. Man;1996-01-08;2000-01-02;2. Kokhav HaTzafon;1;"a. Social Medias (Facebook, Twitter, Youtube, LinkedIn, Instagram ... );b. Messaging Applications (Line, WhatsApp, WeChat, Slack, Telegram ... );e. Emails and Newsletters";"a. Facebook;e. LinkedIn;f. Instagram";b. Whatsapp;5. Media;h. eCommerce, Startup, Small and Medium Enterprise;d. Financial and Founding Partner;Neutral;Pro (good relationship and mutual influence);Pro (good relationship and mutual influence);Neutral;"b. Global promotional events and forums;c. Innovation and startup support structure;d. Business clusters and entrepreneurial ecosystems;g. Online (web forums and applications)";2;2;b. No;"a. Online Survey Studies;d. Mobile Voting Application";e. One hour a year
2020/02/09 2:44:31 PM UTC+3;b.נקבה;2020-02-09;2020-02-09;34. יפו הישנה;1;"a. רשתות חברתיות (Facebook, Twitter, Youtube, LinkedIn, Instagram ... );d. אתרים אינטרנטים;j. מועצת העיר";a. Facebook;b. Whatsapp;2. אקדמאי, מחקרי, התחדשות;k. ארגונים ללא רווח בינלאומיים;"e. מחקר אקדמאי, אוניברסיטאיי;j. תנועות עממיות, אגודות מקומיות וארגונים ללא רווח;k. ארגונים ללא רווח בינלאומיים";יחסים לא טובים (התנגדות בקבלת החלטות);נטרלי;נטרלי;תומך (יחסים טובים והשפעה הדדית);"a. אירועים שכונתיים, אגודות שכונתיות;g. ברשת (פורמים ואפליקציות)";4;3;a. כן;e. ניהול פרויקטים ציבוריים;b. שעה ביום
2020/02/17 7:32:29 AM UTC+3;a.זכר;1957-07-02;1970-01-01;26. לב העיר;4;b. אפליקציות התכתבות (Line, WhatsApp, WeChat, Slack, Telegram ... );f. Instagram;b. Whatsapp;2. אקדמאי, מחקרי, התחדשות;i. מעצבים פרטיים, ארכיטקטים ומפתחים;f. מחקר פרטי והתחדשות;יחסים לא טובים (התנגדות בקבלת החלטות);תומך (יחסים טובים והשפעה הדדית);נטרלי;נטרלי;"c. חדשנות ומסגרות לתמיכה בסטארט-אפ;g. ברשת (פורמים ואפליקציות)";3;3;a. כן;"d. אפליקציית הצבעות;e. ניהול פרויקטים ציבוריים";c. שעה בשבוע
2020/02/18 5:35:17 PM UTC+3;a.זכר;1974-04-07;1974-04-07;23. הצפון הישן;5;"c. שיחות עם חברים ושכנים;e. דוא""ל ועלונים";"c. Youtube;f. Instagram";No;4.החברה האזרחית, חברתי וצד ג';l. אזרחים פרטניים;l. אזרחים פרטניים;נטרלי;נטרלי;תומך (יחסים טובים והשפעה הדדית);יחסים לא טובים (התנגדות בקבלת החלטות);No;1;2;b. לא;b. סדנאות שיתופיות;c. שעה בשבוע
2020/02/19 9:53:31 AM UTC+3;a.זכר;1984-12-22;2016-09-01;26. לב העיר;2;"a. רשתות חברתיות (Facebook, Twitter, Youtube, LinkedIn, Instagram ... );b. אפליקציות התכתבות (Line, WhatsApp, WeChat, Slack, Telegram ... );c. שיחות עם חברים ושכנים;d. אתרים אינטרנטים";c. Youtube;b. Whatsapp;1. ממשלתי, מגזר ציבורי;j. תנועות עממיות, אגודות מקומיות וארגונים ללא רווח;"a. הממשל (הלאומי);b.הממשל (המקומי);g. חברות עסקיות;j. תנועות עממיות, אגודות מקומיות וארגונים ללא רווח;l. אזרחים פרטניים";יחסים לא טובים (התנגדות בקבלת החלטות);נטרלי;תומך (יחסים טובים והשפעה הדדית);תומך (יחסים טובים והשפעה הדדית);"b. אירועי קידום גלובליים ופורומים;c. חדשנות ומסגרות לתמיכה בסטארט-אפ;d. גיזמות במערכות אקולוגיות וקבוצות עסקיות;e. תשתיות עירוניות (תחבורה ציבורית, נדל""ן ציבורי וכו'ׂׂׂ);g. ברשת (פורמים ואפליקציות)";5;4;a. כן;"a. סקרים ברשת;b. סדנאות שיתופיות;d. אפליקציית הצבעות;e. ניהול פרויקטים ציבוריים";c. שעה בשבוע
2020/02/19 5:30:53 PM UTC+3;a.זכר;1978-01-01;2008-10-08;26. לב העיר;3;"a. רשתות חברתיות (Facebook, Twitter, Youtube, LinkedIn, Instagram ... );b. אפליקציות התכתבות (Line, WhatsApp, WeChat, Slack, Telegram ... );c. שיחות עם חברים ושכנים";"b. Twitter;e. LinkedIn";b. Whatsapp;3. מגזר פרטי;g. חברות עסקיות;b.הממשל (המקומי);נטרלי;נטרלי;תומך (יחסים טובים והשפעה הדדית);תומך (יחסים טובים והשפעה הדדית);"a. אירועים שכונתיים, אגודות שכונתיות;c. חדשנות ומסגרות לתמיכה בסטארט-אפ";1;2;a. כן;"a. סקרים ברשת;b. סדנאות שיתופיות;c.שיחות אחד על אחד בטלפון,  ופגישות;d. אפליקציית הצבעות";d. שעה בחודש
2020/02/20 11:30:35 AM UTC+3;a.זכר;1975-01-01;2000-01-01;26. לב העיר;5;"b. אפליקציות התכתבות (Line, WhatsApp, WeChat, Slack, Telegram ... );c. שיחות עם חברים ושכנים";"c. Youtube;e. LinkedIn;Whatsapp";b. Whatsapp;3. מגזר פרטי;d. שותף מייסד וכלכלה;"b.הממשל (המקומי);d. שותף מייסד וכלכלה;g. חברות עסקיות";נטרלי;נטרלי;תומך (יחסים טובים והשפעה הדדית);תומך (יחסים טובים והשפעה הדדית);a. אירועים שכונתיים, אגודות שכונתיות;5;3;b. לא;d. אפליקציית הצבעות;d. שעה בחודש
2020/02/23 11:13:54 AM UTC+3;b.נקבה;1992-12-20;2016-02-01;24. יהודה המכבי;3;"a. רשתות חברתיות (Facebook, Twitter, Youtube, LinkedIn, Instagram ... );c. שיחות עם חברים ושכנים;d. אתרים אינטרנטים;h. רדיו;i. טלוויזיה";a. Facebook;b. Whatsapp;5. מדיה;l. אזרחים פרטניים;l. אזרחים פרטניים;נטרלי;נטרלי;נטרלי;נטרלי;g. ברשת (פורמים ואפליקציות);3;5;b. לא;a. סקרים ברשת;e. שעה בשנה
2020/02/24 2:00:58 PM UTC+3;b.נקבה;1976-04-19;1981-01-01;23. הצפון הישן;1;"a. רשתות חברתיות (Facebook, Twitter, Youtube, LinkedIn, Instagram ... );c. שיחות עם חברים ושכנים;d. אתרים אינטרנטים;e. דוא""ל ועלונים;i. טלוויזיה";"a. Facebook;e. LinkedIn";b. Whatsapp;3. מגזר פרטי;l. אזרחים פרטניים;l. אזרחים פרטניים;יחסים לא טובים (התנגדות בקבלת החלטות);נטרלי;"תומך (יחסים טובים והשפעה הדדית);נטרלי";"תומך (יחסים טובים והשפעה הדדית);נטרלי";g. ברשת (פורמים ואפליקציות);3;2;b. לא;"a. סקרים ברשת;d. אפליקציית הצבעות";d. שעה בחודש
2020/02/24 6:02:57 PM UTC+3;a.זכר;1976-05-03;2014-06-01;28. בבלי;2;"a. רשתות חברתיות (Facebook, Twitter, Youtube, LinkedIn, Instagram ... );b. אפליקציות התכתבות (Line, WhatsApp, WeChat, Slack, Telegram ... );c. שיחות עם חברים ושכנים";"c. Youtube;e. LinkedIn";b. Whatsapp;3. מגזר פרטי;h. eCommerce, Startup, Small and Medium Enterprise;"a. הממשל (הלאומי);b.הממשל (המקומי)";נטרלי;נטרלי;נטרלי;תומך (יחסים טובים והשפעה הדדית);"a. אירועים שכונתיים, אגודות שכונתיות;b. אירועי קידום גלובליים ופורומים;c. חדשנות ומסגרות לתמיכה בסטארט-אפ";3;2;a. כן;"b. סדנאות שיתופיות;c.שיחות אחד על אחד בטלפון,  ופגישות";d. שעה בחודש
2020/02/26 9:51:17 AM UTC+3;a.זכר;1970-01-01;1992-01-01;26. לב העיר;4;"a. רשתות חברתיות (Facebook, Twitter, Youtube, LinkedIn, Instagram ... );b. אפליקציות התכתבות (Line, WhatsApp, WeChat, Slack, Telegram ... );c. שיחות עם חברים ושכנים;d. אתרים אינטרנטים;h. רדיו;i. טלוויזיה";a. Facebook;b. Whatsapp;3. מגזר פרטי;l. אזרחים פרטניים;"f. מחקר פרטי והתחדשות;l. אזרחים פרטניים";תומך (יחסים טובים והשפעה הדדית);תומך (יחסים טובים והשפעה הדדית);תומך (יחסים טובים והשפעה הדדית);תומך (יחסים טובים והשפעה הדדית);"a. אירועים שכונתיים, אגודות שכונתיות;c. חדשנות ומסגרות לתמיכה בסטארט-אפ;g. ברשת (פורמים ואפליקציות)";4;3;b. לא;"a. סקרים ברשת;b. סדנאות שיתופיות;d. אפליקציית הצבעות";d. שעה בחודש
2020/03/01 10:50:00 AM UTC+3;a.זכר;1993-03-01;2016-03-01;יפו ד';1;a. רשתות חברתיות (Facebook, Twitter, Youtube, LinkedIn, Instagram ... );a. Facebook;b. Whatsapp;5. מדיה;l. אזרחים פרטניים;l. אזרחים פרטניים;נטרלי;נטרלי;נטרלי;נטרלי;g. ברשת (פורמים ואפליקציות);4;3;a. כן;"c.שיחות אחד על אחד בטלפון,  ופגישות;e. ניהול פרויקטים ציבוריים";b. שעה ביום
2020/03/01 4:52:24 PM UTC+3;a.זכר;1994-07-07;1994-07-07;;3;"a. רשתות חברתיות (Facebook, Twitter, Youtube, LinkedIn, Instagram ... );i. טלוויזיה";"a. Facebook;c. Youtube";b. Whatsapp;3. מגזר פרטי;l. אזרחים פרטניים;"e. מחקר אקדמאי, אוניברסיטאיי;j. תנועות עממיות, אגודות מקומיות וארגונים ללא רווח;k. ארגונים ללא רווח בינלאומיים";נטרלי;תומך (יחסים טובים והשפעה הדדית);"תומך (יחסים טובים והשפעה הדדית);נטרלי";"תומך (יחסים טובים והשפעה הדדית);נטרלי";g. ברשת (פורמים ואפליקציות);4;3;a. כן;"a. סקרים ברשת;d. אפליקציית הצבעות";d. שעה בחודש
2020/03/01 10:34:27 PM UTC+3;a.זכר;1986-09-26;2012-08-12;26. לב העיר;3;"a. רשתות חברתיות (Facebook, Twitter, Youtube, LinkedIn, Instagram ... );c. שיחות עם חברים ושכנים;d. אתרים אינטרנטים";a. Facebook;b. Whatsapp;2. אקדמאי, מחקרי, התחדשות;h. eCommerce, Startup, Small and Medium Enterprise;e. מחקר אקדמאי, אוניברסיטאיי;יחסים לא טובים (התנגדות בקבלת החלטות);נטרלי;נטרלי;נטרלי;"a. אירועים שכונתיים, אגודות שכונתיות;g. ברשת (פורמים ואפליקציות)";3;2;a. כן;"a. סקרים ברשת;d. אפליקציית הצבעות";b. שעה ביום
2020/03/01 11:36:59 PM UTC+3;b.נקבה;1988-02-07;2015-03-01;27. כרם התימנים;1;a. רשתות חברתיות (Facebook, Twitter, Youtube, LinkedIn, Instagram ... );a. Facebook;b. Whatsapp;4.החברה האזרחית, חברתי וצד ג';j. תנועות עממיות, אגודות מקומיות וארגונים ללא רווח;j. תנועות עממיות, אגודות מקומיות וארגונים ללא רווח;יחסים לא טובים (התנגדות בקבלת החלטות);יחסים לא טובים (התנגדות בקבלת החלטות);נטרלי;נטרלי;"e. תשתיות עירוניות (תחבורה ציבורית, נדל""ן ציבורי וכו'ׂׂׂ)";2;2;a. כן;d. אפליקציית הצבעות;c. שעה בשבוע
2020/03/02 9:10:54 AM UTC+3;b.נקבה;1991-08-15;2013-01-01;16. רמת החייל;1;"a. רשתות חברתיות (Facebook, Twitter, Youtube, LinkedIn, Instagram ... );b. אפליקציות התכתבות (Line, WhatsApp, WeChat, Slack, Telegram ... );c. שיחות עם חברים ושכנים;i. טלוויזיה";"a. Facebook;c. Youtube;e. LinkedIn";b. Whatsapp;3. מגזר פרטי;h. eCommerce, Startup, Small and Medium Enterprise;"a. הממשל (הלאומי);c. שירותים ציבוריים";נטרלי;נטרלי;נטרלי;נטרלי;a. אירועים שכונתיים, אגודות שכונתיות;1;3;a. כן;"a. סקרים ברשת;d. אפליקציית הצבעות";c. שעה בשבוע
2020/03/02 10:12:13 AM UTC+3;b.נקבה;1974-05-22;2016-07-04;23. הצפון הישן;5;"a. רשתות חברתיות (Facebook, Twitter, Youtube, LinkedIn, Instagram ... );d. אתרים אינטרנטים;e. דוא""ל ועלונים";"a. Facebook;f. Instagram";b. Whatsapp;3. מגזר פרטי;i. מעצבים פרטיים, ארכיטקטים ומפתחים;a. הממשל (הלאומי);נטרלי;נטרלי;נטרלי;נטרלי;"e. תשתיות עירוניות (תחבורה ציבורית, נדל""ן ציבורי וכו'ׂׂׂ)";1;3;a. כן;"d. אפליקציית הצבעות;e. ניהול פרויקטים ציבוריים";d. שעה בחודש
2020/03/02 10:31:18 AM UTC+3;a.זכר;1986-04-25;1990-11-28;8. רמת אביב ג';1;"a. רשתות חברתיות (Facebook, Twitter, Youtube, LinkedIn, Instagram ... );i. טלוויזיה";"a. Facebook;c. Youtube;e. LinkedIn;f. Instagram";b. Whatsapp;3. מגזר פרטי;i. מעצבים פרטיים, ארכיטקטים ומפתחים;"f. מחקר פרטי והתחדשות;i. מעצבים פרטיים, ארכיטקטים ומפתחים";יחסים לא טובים (התנגדות בקבלת החלטות);תומך (יחסים טובים והשפעה הדדית);נטרלי;תומך (יחסים טובים והשפעה הדדית);"a. אירועים שכונתיים, אגודות שכונתיות;g. ברשת (פורמים ואפליקציות)";5;1;a. כן;e. ניהול פרויקטים ציבוריים;b. שעה ביום
2020/03/02 1:30:52 PM UTC+3;a.זכר;1985-01-23;2015-04-24;40. פלורנטין;4;a. רשתות חברתיות (Facebook, Twitter, Youtube, LinkedIn, Instagram ... );"a. Facebook;d. Medium;e. LinkedIn;f. Instagram";"b. Whatsapp;e. Telegram";3. מגזר פרטי;g. חברות עסקיות;"f. מחקר פרטי והתחדשות;g. חברות עסקיות";נטרלי;נטרלי;תומך (יחסים טובים והשפעה הדדית);נטרלי;"b. אירועי קידום גלובליים ופורומים;c. חדשנות ומסגרות לתמיכה בסטארט-אפ";4;4;a. כן;d. אפליקציית הצבעות;c. שעה בשבוע
2020/03/02 9:28:50 PM UTC+3;a.זכר;1960-08-06;1979-08-01;23. הצפון הישן;1;c. שיחות עם חברים ושכנים;c. Youtube;b. Whatsapp;3. מגזר פרטי;l. אזרחים פרטניים;l. אזרחים פרטניים;נטרלי;נטרלי;נטרלי;נטרלי;Aucun;1;5;b. לא;;פחות משעה בשנה
2020/03/03 12:17:04 AM UTC+3;a.זכר;1976-06-09;1990-04-10;48. נחלת יצחק;5;"a. רשתות חברתיות (Facebook, Twitter, Youtube, LinkedIn, Instagram ... );c. שיחות עם חברים ושכנים;d. אתרים אינטרנטים;e. דוא""ל ועלונים;h. רדיו;i. טלוויזיה";"a. Facebook;c. Youtube;d. Medium;e. LinkedIn;f. Instagram";b. Whatsapp;3. מגזר פרטי;g. חברות עסקיות;"c. שירותים ציבוריים;e. מחקר אקדמאי, אוניברסיטאיי;f. מחקר פרטי והתחדשות";תומך (יחסים טובים והשפעה הדדית);תומך (יחסים טובים והשפעה הדדית);תומך (יחסים טובים והשפעה הדדית);תומך (יחסים טובים והשפעה הדדית);"a. אירועים שכונתיים, אגודות שכונתיות;b. אירועי קידום גלובליים ופורומים;g. ברשת (פורמים ואפליקציות)";5;2;a. כן;"a. סקרים ברשת;b. סדנאות שיתופיות;e. ניהול פרויקטים ציבוריים";c. שעה בשבוע
2020/03/06 5:32:27 PM UTC+3;b.נקבה;1986-10-23;2012-01-01;26. לב העיר;6;"a. רשתות חברתיות (Facebook, Twitter, Youtube, LinkedIn, Instagram ... );c. שיחות עם חברים ושכנים;e. דוא""ל ועלונים;i. טלוויזיה;people from work";a. Facebook;b. Whatsapp;4.החברה האזרחית, חברתי וצד ג';l. אזרחים פרטניים;"b.הממשל (המקומי);c. שירותים ציבוריים";יחסים לא טובים (התנגדות בקבלת החלטות);תומך (יחסים טובים והשפעה הדדית);נטרלי;תומך (יחסים טובים והשפעה הדדית);"e. תשתיות עירוניות (תחבורה ציבורית, נדל""ן ציבורי וכו'ׂׂׂ);g. ברשת (פורמים ואפליקציות)";3;3;a. כן;"a. סקרים ברשת;d. אפליקציית הצבעות";c. שעה בשבוע
2020/03/08 2:20:53 AM UTC+3;a.זכר;1977-10-28;2000-04-01;12. הדר יוסף;2;"a. רשתות חברתיות (Facebook, Twitter, Youtube, LinkedIn, Instagram ... );b. אפליקציות התכתבות (Line, WhatsApp, WeChat, Slack, Telegram ... );c. שיחות עם חברים ושכנים;f. מידע מודפס (ספרים עלונים וכו'....);i. טלוויזיה";b. Twitter;b. Whatsapp;4.החברה האזרחית, חברתי וצד ג';g. חברות עסקיות;g. חברות עסקיות;יחסים לא טובים (התנגדות בקבלת החלטות);נטרלי;תומך (יחסים טובים והשפעה הדדית);יחסים לא טובים (התנגדות בקבלת החלטות);g. ברשת (פורמים ואפליקציות);5;3;a. כן;"a. סקרים ברשת;d. אפליקציית הצבעות";d. שעה בחודש
2020/03/08 5:50:54 PM UTC+3;a.זכר;1999-01-01;2020-01-02;1. אזורי חן;4;"a. רשתות חברתיות (Facebook, Twitter, Youtube, LinkedIn, Instagram ... );i. טלוויזיה";f. Instagram;b. Whatsapp;3. מגזר פרטי;g. חברות עסקיות;g. חברות עסקיות;נטרלי;נטרלי;נטרלי;נטרלי;b. אירועי קידום גלובליים ופורומים;2;1;a. כן;b. סדנאות שיתופיות;b. שעה ביום
2020/03/09 12:16:53 AM UTC+3;a.זכר;1966-09-06;1966-09-06;48. נחלת יצחק;7;"a. רשתות חברתיות (Facebook, Twitter, Youtube, LinkedIn, Instagram ... );b. אפליקציות התכתבות (Line, WhatsApp, WeChat, Slack, Telegram ... );c. שיחות עם חברים ושכנים;d. אתרים אינטרנטים";"a. Facebook;b. Twitter;e. LinkedIn";b. Whatsapp;3. מגזר פרטי;d. שותף מייסד וכלכלה;d. שותף מייסד וכלכלה;נטרלי;נטרלי;תומך (יחסים טובים והשפעה הדדית);תומך (יחסים טובים והשפעה הדדית);"c. חדשנות ומסגרות לתמיכה בסטארט-אפ;g. ברשת (פורמים ואפליקציות)";4;4;a. כן;"a. סקרים ברשת;d. אפליקציית הצבעות;e. ניהול פרויקטים ציבוריים";c. שעה בשבוע
2020/03/09 3:24:11 PM UTC+3;a.זכר;1983-08-26;2010-02-01;25. מונטיפיורי;6;"a. רשתות חברתיות (Facebook, Twitter, Youtube, LinkedIn, Instagram ... );c. שיחות עם חברים ושכנים;e. דוא""ל ועלונים;f. מידע מודפס (ספרים עלונים וכו'....)";"a. Facebook;e. LinkedIn;f. Instagram";"b. Whatsapp;d. Slack;e. Telegram";3. מגזר פרטי;b.הממשל (המקומי);"a. הממשל (הלאומי);b.הממשל (המקומי)";יחסים לא טובים (התנגדות בקבלת החלטות);תומך (יחסים טובים והשפעה הדדית);נטרלי;תומך (יחסים טובים והשפעה הדדית);"e. תשתיות עירוניות (תחבורה ציבורית, נדל""ן ציבורי וכו'ׂׂׂ);g. ברשת (פורמים ואפליקציות)";4;3;a. כן;"a. סקרים ברשת;d. אפליקציית הצבעות;e. ניהול פרויקטים ציבוריים";c. שעה בשבוע
2020/03/09 5:40:06 PM UTC+3;a.זכר;1976-03-09;2011-03-09;52. יד אליהו;3;"a. רשתות חברתיות (Facebook, Twitter, Youtube, LinkedIn, Instagram ... );c. שיחות עם חברים ושכנים;d. אתרים אינטרנטים;e. דוא""ל ועלונים;f. מידע מודפס (ספרים עלונים וכו'....);g. עלונים תעשייתיים (כתבים מקצועיים);j. מועצת העיר";"a. Facebook;e. LinkedIn";b. Whatsapp;3. מגזר פרטי;h. eCommerce, Startup, Small and Medium Enterprise;"f. מחקר פרטי והתחדשות;g. חברות עסקיות;h. eCommerce, Startup, Small and Medium Enterprise;k. ארגונים ללא רווח בינלאומיים;l. אזרחים פרטניים";נטרלי;תומך (יחסים טובים והשפעה הדדית);תומך (יחסים טובים והשפעה הדדית);נטרלי;"a. אירועים שכונתיים, אגודות שכונתיות;b. אירועי קידום גלובליים ופורומים;g. ברשת (פורמים ואפליקציות)";3;2;a. כן;e. ניהול פרויקטים ציבוריים;c. שעה בשבוע
2020/03/09 7:12:20 PM UTC+3;b.נקבה;1961-09-17;1961-09-17;14. נאות אפקה;1;a. רשתות חברתיות (Facebook, Twitter, Youtube, LinkedIn, Instagram ... );"a. Facebook;e. LinkedIn";b. Whatsapp;3. מגזר פרטי;h. eCommerce, Startup, Small and Medium Enterprise;h. eCommerce, Startup, Small and Medium Enterprise;נטרלי;נטרלי;תומך (יחסים טובים והשפעה הדדית);תומך (יחסים טובים והשפעה הדדית);g. ברשת (פורמים ואפליקציות);5;1;a. כן;"a. סקרים ברשת;d. אפליקציית הצבעות";c. שעה בשבוע
2020/03/09 8:03:31 PM UTC+3;b.נקבה;1950-03-30;1959-07-01;23. הצפון הישן;2;"c. שיחות עם חברים ושכנים;d. אתרים אינטרנטים;h. רדיו;בנושא הרכבת הקלה העירייה יזמה מפגש אחד עם מומחים. זה לא הספיק.";"c. Youtube;e. LinkedIn";the general available text editor;3. מגזר פרטי;j. תנועות עממיות, אגודות מקומיות וארגונים ללא רווח;l. אזרחים פרטניים;"נטרלי;יחסים לא טובים (התנגדות בקבלת החלטות)";נטרלי;יחסים לא טובים (התנגדות בקבלת החלטות);"תומך (יחסים טובים והשפעה הדדית);נטרלי";a. אירועים שכונתיים, אגודות שכונתיות;3;4;a. כן;"c.שיחות אחד על אחד בטלפון,  ופגישות;e. ניהול פרויקטים ציבוריים";c. שעה בשבוע
2020/03/11 3:22:11 PM UTC+3;a.זכר;1936-12-11;1963-01-01;23. הצפון הישן;2;"e. דוא""ל ועלונים;דיגיתל ניוזלטר";e. LinkedIn;b. Whatsapp;1. ממשלתי, מגזר ציבורי;a. הממשל (הלאומי);a. הממשל (הלאומי);נטרלי;תומך (יחסים טובים והשפעה הדדית);תומך (יחסים טובים והשפעה הדדית);נטרלי;g. ברשת (פורמים ואפליקציות);2;2;b. לא;a. סקרים ברשת;פחות משעה בשנה
2020/03/13 11:21:55 PM UTC+3;b.נקבה;1974-03-13;1996-03-13;28. בבלי;5;"a. רשתות חברתיות (Facebook, Twitter, Youtube, LinkedIn, Instagram ... );b. אפליקציות התכתבות (Line, WhatsApp, WeChat, Slack, Telegram ... );c. שיחות עם חברים ושכנים;d. אתרים אינטרנטים;h. רדיו;i. טלוויזיה";"a. Facebook;f. Instagram";b. Whatsapp;3. מגזר פרטי;h. eCommerce, Startup, Small and Medium Enterprise;h. eCommerce, Startup, Small and Medium Enterprise;יחסים לא טובים (התנגדות בקבלת החלטות);נטרלי;תומך (יחסים טובים והשפעה הדדית);תומך (יחסים טובים והשפעה הדדית);"a. אירועים שכונתיים, אגודות שכונתיות;b. אירועי קידום גלובליים ופורומים;c. חדשנות ומסגרות לתמיכה בסטארט-אפ";3;3;b. לא;;e. שעה בשנה
2020/03/15 6:39:10 PM UTC+3;b.נקבה;1979-04-03;2005-03-03;23. הצפון הישן;1;"a. רשתות חברתיות (Facebook, Twitter, Youtube, LinkedIn, Instagram ... );e. דוא""ל ועלונים";f. Instagram;b. Whatsapp;3. מגזר פרטי;b.הממשל (המקומי);a. הממשל (הלאומי);נטרלי;נטרלי;תומך (יחסים טובים והשפעה הדדית);נטרלי;c. חדשנות ומסגרות לתמיכה בסטארט-אפ;3;4;a. כן;"a. סקרים ברשת;d. אפליקציית הצבעות";e. שעה בשנה
2020/03/15 9:20:17 PM UTC+3;a.זכר;1972-11-05;2000-10-10;8. רמת אביב ג';4;"a. רשתות חברתיות (Facebook, Twitter, Youtube, LinkedIn, Instagram ... );b. אפליקציות התכתבות (Line, WhatsApp, WeChat, Slack, Telegram ... );c. שיחות עם חברים ושכנים;d. אתרים אינטרנטים;h. רדיו;i. טלוויזיה";"e. LinkedIn;f. Instagram";"b. Whatsapp;e. Telegram";1. ממשלתי, מגזר ציבורי;c. שירותים ציבוריים;a. הממשל (הלאומי);תומך (יחסים טובים והשפעה הדדית);תומך (יחסים טובים והשפעה הדדית);נטרלי;תומך (יחסים טובים והשפעה הדדית);g. ברשת (פורמים ואפליקציות);5;5;a. כן;e. ניהול פרויקטים ציבוריים;a. יותר משעה ביום
2020/03/17 8:12:28 PM UTC+3;b.נקבה;1981-09-24;2005-08-01;7. רמת אביב א';1;"a. רשתות חברתיות (Facebook, Twitter, Youtube, LinkedIn, Instagram ... );c. שיחות עם חברים ושכנים";f. Instagram;b. Whatsapp;2. אקדמאי, מחקרי, התחדשות;e. מחקר אקדמאי, אוניברסיטאיי;d. שותף מייסד וכלכלה;יחסים לא טובים (התנגדות בקבלת החלטות);תומך (יחסים טובים והשפעה הדדית);תומך (יחסים טובים והשפעה הדדית);נטרלי;g. ברשת (פורמים ואפליקציות);1;3;a. כן;d. אפליקציית הצבעות;c. שעה בשבוע
2020/03/17 8:24:45 PM UTC+3;a.זכר;1980-11-29;2006-09-15;48. נחלת יצחק;3;"a. רשתות חברתיות (Facebook, Twitter, Youtube, LinkedIn, Instagram ... );c. שיחות עם חברים ושכנים;d. אתרים אינטרנטים;e. דוא""ל ועלונים";"a. Facebook;c. Youtube;e. LinkedIn";b. Whatsapp;3. מגזר פרטי;d. שותף מייסד וכלכלה;"a. הממשל (הלאומי);e. מחקר אקדמאי, אוניברסיטאיי;f. מחקר פרטי והתחדשות";תומך (יחסים טובים והשפעה הדדית);תומך (יחסים טובים והשפעה הדדית);תומך (יחסים טובים והשפעה הדדית);תומך (יחסים טובים והשפעה הדדית);g. ברשת (פורמים ואפליקציות);2;3;b. לא;;פחות משעה בשנה
2020/03/17 10:11:47 PM UTC+3;b.נקבה;1993-02-17;1994-02-17;8. רמת אביב ג';1;"a. רשתות חברתיות (Facebook, Twitter, Youtube, LinkedIn, Instagram ... );b. אפליקציות התכתבות (Line, WhatsApp, WeChat, Slack, Telegram ... );c. שיחות עם חברים ושכנים;d. אתרים אינטרנטים;h. רדיו;i. טלוויזיה";a. Facebook;b. Whatsapp;3. מגזר פרטי;b.הממשל (המקומי);l. אזרחים פרטניים;יחסים לא טובים (התנגדות בקבלת החלטות);תומך (יחסים טובים והשפעה הדדית);נטרלי;נטרלי;c. חדשנות ומסגרות לתמיכה בסטארט-אפ;1;3;a. כן;"a. סקרים ברשת;c.שיחות אחד על אחד בטלפון,  ופגישות;d. אפליקציית הצבעות";d. שעה בחודש
2020/03/19 1:02:42 AM UTC+3;a.זכר;1988-04-02;2016-02-28;40. פלורנטין;4;"a. רשתות חברתיות (Facebook, Twitter, Youtube, LinkedIn, Instagram ... );c. שיחות עם חברים ושכנים;d. אתרים אינטרנטים";a. Facebook;b. Whatsapp;3. מגזר פרטי;g. חברות עסקיות;l. אזרחים פרטניים;תומך (יחסים טובים והשפעה הדדית);נטרלי;תומך (יחסים טובים והשפעה הדדית);נטרלי;g. ברשת (פורמים ואפליקציות);5;2;b. לא;;d. שעה בחודש
2020/03/19 3:37:40 AM UTC+3;a.זכר;1957-08-04;1990-01-06;26. לב העיר;5;"a. רשתות חברתיות (Facebook, Twitter, Youtube, LinkedIn, Instagram ... );b. אפליקציות התכתבות (Line, WhatsApp, WeChat, Slack, Telegram ... );c. שיחות עם חברים ושכנים;d. אתרים אינטרנטים;h. רדיו";a. Facebook;b. Whatsapp;4.החברה האזרחית, חברתי וצד ג';l. אזרחים פרטניים;l. אזרחים פרטניים;"נטרלי;יחסים לא טובים (התנגדות בקבלת החלטות)";תומך (יחסים טובים והשפעה הדדית);נטרלי;נטרלי;"b. אירועי קידום גלובליים ופורומים;g. ברשת (פורמים ואפליקציות)";4;3;a. כן;"a. סקרים ברשת;d. אפליקציית הצבעות;e. ניהול פרויקטים ציבוריים";b. שעה ביום
2020/03/19 3:24:53 PM UTC+3;a.זכר;1980-01-01;2004-01-01;23. הצפון הישן;3;"a. רשתות חברתיות (Facebook, Twitter, Youtube, LinkedIn, Instagram ... );c. שיחות עם חברים ושכנים;d. אתרים אינטרנטים;i. טלוויזיה";"a. Facebook;e. LinkedIn";b. Whatsapp;3. מגזר פרטי;h. eCommerce, Startup, Small and Medium Enterprise;l. אזרחים פרטניים;נטרלי;נטרלי;נטרלי;נטרלי;לא פוגש;3;3;b. לא;d. אפליקציית הצבעות;d. שעה בחודש
2020/03/19 6:04:01 PM UTC+3;a.זכר;1988-10-06;2015-09-01;23. הצפון הישן;8;"a. רשתות חברתיות (Facebook, Twitter, Youtube, LinkedIn, Instagram ... );c. שיחות עם חברים ושכנים;j. מועצת העיר";a. Facebook;b. Whatsapp;3. מגזר פרטי;g. חברות עסקיות;g. חברות עסקיות;נטרלי;תומך (יחסים טובים והשפעה הדדית);תומך (יחסים טובים והשפעה הדדית);נטרלי;"c. חדשנות ומסגרות לתמיכה בסטארט-אפ;e. תשתיות עירוניות (תחבורה ציבורית, נדל""ן ציבורי וכו'ׂׂׂ);g. ברשת (פורמים ואפליקציות)";5;4;a. כן;"a. סקרים ברשת;d. אפליקציית הצבעות";d. שעה בחודש
2020/03/20 3:48:01 PM UTC+3;b.נקבה;1992-07-04;2013-10-21;5. נווה אביבים;1;"a. רשתות חברתיות (Facebook, Twitter, Youtube, LinkedIn, Instagram ... );c. שיחות עם חברים ושכנים;d. אתרים אינטרנטים;i. טלוויזיה";"a. Facebook;f. Instagram";b. Whatsapp;1. ממשלתי, מגזר ציבורי;d. שותף מייסד וכלכלה;f. מחקר פרטי והתחדשות;נטרלי;נטרלי;נטרלי;נטרלי;g. ברשת (פורמים ואפליקציות);5;2;a. כן;"a. סקרים ברשת;d. אפליקציית הצבעות";b. שעה ביום
2020/03/21 11:09:46 PM UTC+3;b.נקבה;1960-05-04;1998-01-01;26. לב העיר;8;"e. דוא""ל ועלונים";a. Facebook;b. Whatsapp;1. ממשלתי, מגזר ציבורי;b.הממשל (המקומי);"a. הממשל (הלאומי);b.הממשל (המקומי);j. תנועות עממיות, אגודות מקומיות וארגונים ללא רווח";תומך (יחסים טובים והשפעה הדדית);תומך (יחסים טובים והשפעה הדדית);תומך (יחסים טובים והשפעה הדדית);תומך (יחסים טובים והשפעה הדדית);"b. אירועי קידום גלובליים ופורומים;f.  מועצת העיר או אסיפות ממשלתיות מכוונות";4;3;a. כן;"b. סדנאות שיתופיות;e. ניהול פרויקטים ציבוריים";a. יותר משעה ביום
2020/03/22 2:00:58 PM UTC+3;b.נקבה;1979-10-13;2006-01-10;23. הצפון הישן;6;"a. רשתות חברתיות (Facebook, Twitter, Youtube, LinkedIn, Instagram ... );c. שיחות עם חברים ושכנים;d. אתרים אינטרנטים;e. דוא""ל ועלונים";a. Facebook;b. Whatsapp;1. ממשלתי, מגזר ציבורי;e. מחקר אקדמאי, אוניברסיטאיי;"e. מחקר אקדמאי, אוניברסיטאיי;f. מחקר פרטי והתחדשות;j. תנועות עממיות, אגודות מקומיות וארגונים ללא רווח";יחסים לא טובים (התנגדות בקבלת החלטות);תומך (יחסים טובים והשפעה הדדית);נטרלי;תומך (יחסים טובים והשפעה הדדית);"d. גיזמות במערכות אקולוגיות וקבוצות עסקיות;e. תשתיות עירוניות (תחבורה ציבורית, נדל""ן ציבורי וכו'ׂׂׂ);g. ברשת (פורמים ואפליקציות)";5;3;a. כן;"a. סקרים ברשת;b. סדנאות שיתופיות;c.שיחות אחד על אחד בטלפון,  ופגישות;d. אפליקציית הצבעות;e. ניהול פרויקטים ציבוריים";c. שעה בשבוע
2020/03/22 2:51:59 PM UTC+3;b.נקבה;1962-12-11;1989-11-04;38. צהלון;2;"a. רשתות חברתיות (Facebook, Twitter, Youtube, LinkedIn, Instagram ... );d. אתרים אינטרנטים";"a. Facebook;f. Instagram";b. Whatsapp;2. אקדמאי, מחקרי, התחדשות;e. מחקר אקדמאי, אוניברסיטאיי;e. מחקר אקדמאי, אוניברסיטאיי;יחסים לא טובים (התנגדות בקבלת החלטות);נטרלי;יחסים לא טובים (התנגדות בקבלת החלטות);תומך (יחסים טובים והשפעה הדדית);לא פוגשת;2;3;a. כן;d. אפליקציית הצבעות;c. שעה בשבוע
2020/03/23 2:02:44 PM UTC+3;a.זכר;1984-11-07;2018-07-03;Only work here;7;"a. רשתות חברתיות (Facebook, Twitter, Youtube, LinkedIn, Instagram ... );d. אתרים אינטרנטים;e. דוא""ל ועלונים;i. טלוויזיה";"a. Facebook;c. Youtube";"b. Whatsapp;e. Telegram";1. ממשלתי, מגזר ציבורי;b.הממשל (המקומי);"b.הממשל (המקומי);c. שירותים ציבוריים";יחסים לא טובים (התנגדות בקבלת החלטות);תומך (יחסים טובים והשפעה הדדית);תומך (יחסים טובים והשפעה הדדית);תומך (יחסים טובים והשפעה הדדית);"b. אירועי קידום גלובליים ופורומים;c. חדשנות ומסגרות לתמיכה בסטארט-אפ;f.  מועצת העיר או אסיפות ממשלתיות מכוונות;g. ברשת (פורמים ואפליקציות)";4;3;a. כן;"a. סקרים ברשת;b. סדנאות שיתופיות;c.שיחות אחד על אחד בטלפון,  ופגישות";c. שעה בשבוע
2020/03/23 2:42:23 PM UTC+3;a.זכר;1968-06-09;2000-01-02;;1;"a. רשתות חברתיות (Facebook, Twitter, Youtube, LinkedIn, Instagram ... );c. שיחות עם חברים ושכנים;d. אתרים אינטרנטים;f. מידע מודפס (ספרים עלונים וכו'....)";"c. Youtube;e. LinkedIn;f. Instagram";b. Whatsapp;3. מגזר פרטי;h. eCommerce, Startup, Small and Medium Enterprise;"e. מחקר אקדמאי, אוניברסיטאיי;f. מחקר פרטי והתחדשות;g. חברות עסקיות;h. eCommerce, Startup, Small and Medium Enterprise;j. תנועות עממיות, אגודות מקומיות וארגונים ללא רווח";יחסים לא טובים (התנגדות בקבלת החלטות);תומך (יחסים טובים והשפעה הדדית);תומך (יחסים טובים והשפעה הדדית);נטרלי;g. ברשת (פורמים ואפליקציות);4;3;a. כן;"a. סקרים ברשת;c.שיחות אחד על אחד בטלפון,  ופגישות;d. אפליקציית הצבעות";d. שעה בחודש
2020/03/23 3:22:31 PM UTC+3;b.נקבה;1987-05-08;2016-08-01;26. לב העיר;1;"a. רשתות חברתיות (Facebook, Twitter, Youtube, LinkedIn, Instagram ... );c. שיחות עם חברים ושכנים";"a. Facebook;e. LinkedIn;f. Instagram";b. Whatsapp;2. אקדמאי, מחקרי, התחדשות;e. מחקר אקדמאי, אוניברסיטאיי;"k. ארגונים ללא רווח בינלאומיים;l. אזרחים פרטניים";יחסים לא טובים (התנגדות בקבלת החלטות);תומך (יחסים טובים והשפעה הדדית);נטרלי;תומך (יחסים טובים והשפעה הדדית);g. ברשת (פורמים ואפליקציות);5;3;a. כן;b. סדנאות שיתופיות;d. שעה בחודש
2020/03/23 5:35:58 PM UTC+3;b.נקבה;1995-09-01;2015-06-01;26. לב העיר;1;"a. רשתות חברתיות (Facebook, Twitter, Youtube, LinkedIn, Instagram ... );d. אתרים אינטרנטים";f. Instagram;b. Whatsapp;2. אקדמאי, מחקרי, התחדשות;e. מחקר אקדמאי, אוניברסיטאיי;"e. מחקר אקדמאי, אוניברסיטאיי;f. מחקר פרטי והתחדשות;h. eCommerce, Startup, Small and Medium Enterprise;j. תנועות עממיות, אגודות מקומיות וארגונים ללא רווח";יחסים לא טובים (התנגדות בקבלת החלטות);נטרלי;תומך (יחסים טובים והשפעה הדדית);תומך (יחסים טובים והשפעה הדדית);g. ברשת (פורמים ואפליקציות);4;3;a. כן;a. סקרים ברשת;d. שעה בחודש
2020/03/23 8:31:51 PM UTC+3;a.זכר;1992-02-04;2016-01-06;23. הצפון הישן;7;"a. רשתות חברתיות (Facebook, Twitter, Youtube, LinkedIn, Instagram ... );b. אפליקציות התכתבות (Line, WhatsApp, WeChat, Slack, Telegram ... );c. שיחות עם חברים ושכנים";a. Facebook;b. Whatsapp;2. אקדמאי, מחקרי, התחדשות;e. מחקר אקדמאי, אוניברסיטאיי;"b.הממשל (המקומי);e. מחקר אקדמאי, אוניברסיטאיי;k. ארגונים ללא רווח בינלאומיים";תומך (יחסים טובים והשפעה הדדית);תומך (יחסים טובים והשפעה הדדית);תומך (יחסים טובים והשפעה הדדית);תומך (יחסים טובים והשפעה הדדית);"a. אירועים שכונתיים, אגודות שכונתיות;b. אירועי קידום גלובליים ופורומים;c. חדשנות ומסגרות לתמיכה בסטארט-אפ;g. ברשת (פורמים ואפליקציות)";4;2;a. כן;"b. סדנאות שיתופיות;d. אפליקציית הצבעות";c. שעה בשבוע
2020/03/24 11:36:01 AM UTC+3;a.זכר;1988-01-26;2015-09-01;52. יד אליהו;1;"a. רשתות חברתיות (Facebook, Twitter, Youtube, LinkedIn, Instagram ... );d. אתרים אינטרנטים;e. דוא""ל ועלונים";a. Facebook;b. Whatsapp;3. מגזר פרטי;g. חברות עסקיות;b.הממשל (המקומי);נטרלי;נטרלי;נטרלי;נטרלי;g. ברשת (פורמים ואפליקציות);1;1;b. לא;"a. סקרים ברשת;d. אפליקציית הצבעות";c. שעה בשבוע
2020/03/24 12:58:05 PM UTC+3;a.זכר;1989-04-20;1989-04-20;23. הצפון הישן;6;a. רשתות חברתיות (Facebook, Twitter, Youtube, LinkedIn, Instagram ... );"a. Facebook;f. Instagram";b. Whatsapp;3. מגזר פרטי;g. חברות עסקיות;"f. מחקר פרטי והתחדשות;g. חברות עסקיות";יחסים לא טובים (התנגדות בקבלת החלטות);נטרלי;תומך (יחסים טובים והשפעה הדדית);תומך (יחסים טובים והשפעה הדדית);"e. תשתיות עירוניות (תחבורה ציבורית, נדל""ן ציבורי וכו'ׂׂׂ);g. ברשת (פורמים ואפליקציות)";3;3;a. כן;"a. סקרים ברשת;d. אפליקציית הצבעות;e. ניהול פרויקטים ציבוריים";c. שעה בשבוע
2020/03/24 5:52:26 PM UTC+3;a.זכר;1982-08-08;2015-01-01;בבלי;4;"a. רשתות חברתיות (Facebook, Twitter, Youtube, LinkedIn, Instagram ... );c. שיחות עם חברים ושכנים;i. טלוויזיה";e. LinkedIn;b. Whatsapp;3. מגזר פרטי;h. eCommerce, Startup, Small and Medium Enterprise;g. חברות עסקיות;נטרלי;תומך (יחסים טובים והשפעה הדדית);תומך (יחסים טובים והשפעה הדדית);נטרלי;"a. אירועים שכונתיים, אגודות שכונתיות;c. חדשנות ומסגרות לתמיכה בסטארט-אפ";3;3;a. כן;"a. סקרים ברשת;d. אפליקציית הצבעות";d. שעה בחודש
2020/03/24 11:45:36 PM UTC+3;a.זכר;1982-12-22;2013-07-01;הצפון החדש;1;"a. רשתות חברתיות (Facebook, Twitter, Youtube, LinkedIn, Instagram ... );c. שיחות עם חברים ושכנים";"a. Facebook;c. Youtube;e. LinkedIn;f. Instagram";b. Whatsapp;3. מגזר פרטי;g. חברות עסקיות;f. מחקר פרטי והתחדשות;יחסים לא טובים (התנגדות בקבלת החלטות);נטרלי;נטרלי;נטרלי;g. ברשת (פורמים ואפליקציות);3;3;a. כן;"a. סקרים ברשת;d. אפליקציית הצבעות;e. ניהול פרויקטים ציבוריים";c. שעה בשבוע
2020/03/25 12:11:24 PM UTC+3;b.נקבה;1974-01-15;1999-06-15;26. לב העיר;1;a. רשתות חברתיות (Facebook, Twitter, Youtube, LinkedIn, Instagram ... );a. Facebook;b. Whatsapp;3. מגזר פרטי;g. חברות עסקיות;l. אזרחים פרטניים;יחסים לא טובים (התנגדות בקבלת החלטות);תומך (יחסים טובים והשפעה הדדית);תומך (יחסים טובים והשפעה הדדית);תומך (יחסים טובים והשפעה הדדית);g. ברשת (פורמים ואפליקציות);1;3;a. כן;"a. סקרים ברשת;d. אפליקציית הצבעות;e. ניהול פרויקטים ציבוריים";c. שעה בשבוע
2020/03/25 5:57:35 PM UTC+3;a.זכר;1991-05-02;2016-10-01;8. רמת אביב ג';1;"a. רשתות חברתיות (Facebook, Twitter, Youtube, LinkedIn, Instagram ... );c. שיחות עם חברים ושכנים;d. אתרים אינטרנטים;i. טלוויזיה";f. Instagram;b. Whatsapp;2. אקדמאי, מחקרי, התחדשות;e. מחקר אקדמאי, אוניברסיטאיי;e. מחקר אקדמאי, אוניברסיטאיי;יחסים לא טובים (התנגדות בקבלת החלטות);תומך (יחסים טובים והשפעה הדדית);תומך (יחסים טובים והשפעה הדדית);נטרלי;g. ברשת (פורמים ואפליקציות);1;1;b. לא;d. אפליקציית הצבעות;פחות משעה בשנה
2020/03/26 2:02:01 PM UTC+3;a.זכר;1981-01-29;2005-09-01;5. נווה אביבים;1;d. אתרים אינטרנטים;משתדל שלא;b. Whatsapp;2. אקדמאי, מחקרי, התחדשות;e. מחקר אקדמאי, אוניברסיטאיי;e. מחקר אקדמאי, אוניברסיטאיי;יחסים לא טובים (התנגדות בקבלת החלטות);תומך (יחסים טובים והשפעה הדדית);נטרלי;נטרלי;"e. תשתיות עירוניות (תחבורה ציבורית, נדל""ן ציבורי וכו'ׂׂׂ)";1;2;a. כן;e. ניהול פרויקטים ציבוריים;b. שעה ביום
2020/03/27 1:57:55 AM UTC+3;a.זכר;1978-04-03;2016-02-02;35. יפו ג;4;"a. רשתות חברתיות (Facebook, Twitter, Youtube, LinkedIn, Instagram ... );d. אתרים אינטרנטים";"a. Facebook;c. Youtube;e. LinkedIn;f. Instagram";"b. Whatsapp;Viber";3. מגזר פרטי;j. תנועות עממיות, אגודות מקומיות וארגונים ללא רווח;"j. תנועות עממיות, אגודות מקומיות וארגונים ללא רווח;l. אזרחים פרטניים";יחסים לא טובים (התנגדות בקבלת החלטות);נטרלי;נטרלי;נטרלי;g. ברשת (פורמים ואפליקציות);4;3;a. כן;d. אפליקציית הצבעות;b. שעה ביום
2020/03/27 9:01:34 PM UTC+3;a.זכר;1978-11-21;2001-02-01;4. מגדלי נאמן;1;"c. שיחות עם חברים ושכנים;d. אתרים אינטרנטים";"a. Facebook;e. LinkedIn;f. Instagram";b. Whatsapp;3. מגזר פרטי;g. חברות עסקיות;g. חברות עסקיות;יחסים לא טובים (התנגדות בקבלת החלטות);תומך (יחסים טובים והשפעה הדדית);נטרלי;נטרלי;c. חדשנות ומסגרות לתמיכה בסטארט-אפ;3;3;b. לא;"a. סקרים ברשת;d. אפליקציית הצבעות";d. שעה בחודש
2020/03/27 9:12:20 PM UTC+3;a.זכר;1978-11-21;2001-02-01;4. מגדלי נאמן;1;"c. שיחות עם חברים ושכנים;d. אתרים אינטרנטים";"a. Facebook;e. LinkedIn;f. Instagram";b. Whatsapp;3. מגזר פרטי;g. חברות עסקיות;g. חברות עסקיות;יחסים לא טובים (התנגדות בקבלת החלטות);תומך (יחסים טובים והשפעה הדדית);נטרלי;נטרלי;c. חדשנות ומסגרות לתמיכה בסטארט-אפ;3;3;b. לא;"a. סקרים ברשת;d. אפליקציית הצבעות";d. שעה בחודש
2020/03/29 12:43:22 PM UTC+3;b.נקבה;1996-11-28;2014-07-15;49. ביצרון;2;"a. רשתות חברתיות (Facebook, Twitter, Youtube, LinkedIn, Instagram ... );i. טלוויזיה";"a. Facebook;f. Instagram";b. Whatsapp;5. מדיה;h. eCommerce, Startup, Small and Medium Enterprise;h. eCommerce, Startup, Small and Medium Enterprise;נטרלי;נטרלי;נטרלי;תומך (יחסים טובים והשפעה הדדית);a. אירועים שכונתיים, אגודות שכונתיות;3;3;a. כן;e. ניהול פרויקטים ציבוריים;b. שעה ביום
2020/03/29 5:23:37 PM UTC+3;a.זכר;1985-05-05;2009-01-01;23. הצפון הישן;2;"a. רשתות חברתיות (Facebook, Twitter, Youtube, LinkedIn, Instagram ... );e. דוא""ל ועלונים";"a. Facebook;f. Instagram";b. Whatsapp;3. מגזר פרטי;l. אזרחים פרטניים;l. אזרחים פרטניים;נטרלי;נטרלי;נטרלי;נטרלי;g. ברשת (פורמים ואפליקציות);2;3;a. כן;"a. סקרים ברשת;d. אפליקציית הצבעות";d. שעה בחודש
2020/03/29 6:48:06 PM UTC+3;a.זכר;1971-09-20;1871-01-01;23. הצפון הישן;7;"a. רשתות חברתיות (Facebook, Twitter, Youtube, LinkedIn, Instagram ... );b. אפליקציות התכתבות (Line, WhatsApp, WeChat, Slack, Telegram ... );c. שיחות עם חברים ושכנים;h. רדיו;i. טלוויזיה";a. Facebook;b. Whatsapp;3. מגזר פרטי;g. חברות עסקיות;g. חברות עסקיות;תומך (יחסים טובים והשפעה הדדית);תומך (יחסים טובים והשפעה הדדית);תומך (יחסים טובים והשפעה הדדית);תומך (יחסים טובים והשפעה הדדית);"c. חדשנות ומסגרות לתמיכה בסטארט-אפ;g. ברשת (פורמים ואפליקציות)";4;3;b. לא;d. אפליקציית הצבעות;פחות משעה בשנה
2020/03/30 5:09:52 PM UTC+3;a.זכר;1991-02-21;2016-08-01;5. נווה אביבים;1;a. רשתות חברתיות (Facebook, Twitter, Youtube, LinkedIn, Instagram ... );"a. Facebook;f. Instagram";b. Whatsapp;2. אקדמאי, מחקרי, התחדשות;e. מחקר אקדמאי, אוניברסיטאיי;"a. הממשל (הלאומי);b.הממשל (המקומי);e. מחקר אקדמאי, אוניברסיטאיי";נטרלי;נטרלי;נטרלי;נטרלי;g. ברשת (פורמים ואפליקציות);1;2;b. לא;;e. שעה בשנה
2020/03/30 9:19:45 PM UTC+3;a.זכר;1987-06-04;2017-06-01;Sharona ;1;"a. רשתות חברתיות (Facebook, Twitter, Youtube, LinkedIn, Instagram ... );b. אפליקציות התכתבות (Line, WhatsApp, WeChat, Slack, Telegram ... );c. שיחות עם חברים ושכנים;d. אתרים אינטרנטים";e. LinkedIn;"b. Whatsapp;d. Slack";3. מגזר פרטי;h. eCommerce, Startup, Small and Medium Enterprise;"f. מחקר פרטי והתחדשות;h. eCommerce, Startup, Small and Medium Enterprise";נטרלי;נטרלי;נטרלי;נטרלי;c. חדשנות ומסגרות לתמיכה בסטארט-אפ;3;3;b. לא;"a. סקרים ברשת;e. ניהול פרויקטים ציבוריים";d. שעה בחודש
2020/03/31 11:40:57 AM UTC+3;a.זכר;1987-06-04;2017-06-01;Sharona ;1;"a. רשתות חברתיות (Facebook, Twitter, Youtube, LinkedIn, Instagram ... );b. אפליקציות התכתבות (Line, WhatsApp, WeChat, Slack, Telegram ... );c. שיחות עם חברים ושכנים;d. אתרים אינטרנטים";e. LinkedIn;"b. Whatsapp;d. Slack";3. מגזר פרטי;h. eCommerce, Startup, Small and Medium Enterprise;"f. מחקר פרטי והתחדשות;h. eCommerce, Startup, Small and Medium Enterprise";נטרלי;נטרלי;נטרלי;נטרלי;c. חדשנות ומסגרות לתמיכה בסטארט-אפ;3;3;b. לא;"a. סקרים ברשת;e. ניהול פרויקטים ציבוריים";d. שעה בחודש
2020/04/01 3:08:28 PM UTC+3;b.נקבה;1989-02-09;2015-01-01;26. לב העיר;9;"a. רשתות חברתיות (Facebook, Twitter, Youtube, LinkedIn, Instagram ... );c. שיחות עם חברים ושכנים;i. טלוויזיה";a. Facebook;b. Whatsapp;2. אקדמאי, מחקרי, התחדשות;i. מעצבים פרטיים, ארכיטקטים ומפתחים;a. הממשל (הלאומי);יחסים לא טובים (התנגדות בקבלת החלטות);נטרלי;תומך (יחסים טובים והשפעה הדדית);יחסים לא טובים (התנגדות בקבלת החלטות);"e. תשתיות עירוניות (תחבורה ציבורית, נדל""ן ציבורי וכו'ׂׂׂ);g. ברשת (פורמים ואפליקציות)";3;3;a. כן;d. אפליקציית הצבעות;e. שעה בשנה
2020/04/02 12:44:27 PM UTC+3;a.זכר;1989-11-01;2019-04-01;26. לב העיר;3;"a. רשתות חברתיות (Facebook, Twitter, Youtube, LinkedIn, Instagram ... );c. שיחות עם חברים ושכנים;d. אתרים אינטרנטים;i. טלוויזיה";a. Facebook;b. Whatsapp;3. מגזר פרטי;h. eCommerce, Startup, Small and Medium Enterprise;l. אזרחים פרטניים;יחסים לא טובים (התנגדות בקבלת החלטות);נטרלי;תומך (יחסים טובים והשפעה הדדית);תומך (יחסים טובים והשפעה הדדית);g. ברשת (פורמים ואפליקציות);2;2;a. כן;"a. סקרים ברשת;d. אפליקציית הצבעות";c. שעה בשבוע
2020/04/02 3:06:05 PM UTC+3;b.נקבה;1985-07-10;1985-07-10;נווה חן;4;"a. רשתות חברתיות (Facebook, Twitter, Youtube, LinkedIn, Instagram ... );c. שיחות עם חברים ושכנים;d. אתרים אינטרנטים;h. רדיו;i. טלוויזיה";a. Facebook;b. Whatsapp;3. מגזר פרטי;a. הממשל (הלאומי);l. אזרחים פרטניים;תומך (יחסים טובים והשפעה הדדית);נטרלי;תומך (יחסים טובים והשפעה הדדית);נטרלי;g. ברשת (פורמים ואפליקציות);3;3;b. לא;d. אפליקציית הצבעות;b. שעה ביום
2020/04/02 3:45:14 PM UTC+3;a.זכר;1983-03-18;2008-01-05;23. הצפון הישן;1;a. רשתות חברתיות (Facebook, Twitter, Youtube, LinkedIn, Instagram ... );a. Facebook;b. Whatsapp;3. מגזר פרטי;g. חברות עסקיות;a. הממשל (הלאומי);נטרלי;נטרלי;נטרלי;נטרלי;"a. אירועים שכונתיים, אגודות שכונתיות;g. ברשת (פורמים ואפליקציות)";3;3;b. לא;c.שיחות אחד על אחד בטלפון,  ופגישות;c. שעה בשבוע
2020/04/03 2:35:57 PM UTC+3;b.נקבה;1988-12-07;2015-01-01;26. לב העיר;6;"a. רשתות חברתיות (Facebook, Twitter, Youtube, LinkedIn, Instagram ... );c. שיחות עם חברים ושכנים;d. אתרים אינטרנטים;e. דוא""ל ועלונים";"a. Facebook;e. LinkedIn;f. Instagram";b. Whatsapp;1. ממשלתי, מגזר ציבורי;b.הממשל (המקומי);f. מחקר פרטי והתחדשות;תומך (יחסים טובים והשפעה הדדית);תומך (יחסים טובים והשפעה הדדית);תומך (יחסים טובים והשפעה הדדית);נטרלי;"c. חדשנות ומסגרות לתמיכה בסטארט-אפ;g. ברשת (פורמים ואפליקציות)";4;2;b. לא;"a. סקרים ברשת;d. אפליקציית הצבעות;e. ניהול פרויקטים ציבוריים";c. שעה בשבוע
2020/04/03 8:56:59 PM UTC+3;b.נקבה;1976-04-03;2000-04-03;7. רמת אביב א';8;"a. רשתות חברתיות (Facebook, Twitter, Youtube, LinkedIn, Instagram ... );b. אפליקציות התכתבות (Line, WhatsApp, WeChat, Slack, Telegram ... );d. אתרים אינטרנטים;e. דוא""ל ועלונים";a. Facebook;b. Whatsapp;1. ממשלתי, מגזר ציבורי;b.הממשל (המקומי);b.הממשל (המקומי);תומך (יחסים טובים והשפעה הדדית);נטרלי;נטרלי;תומך (יחסים טובים והשפעה הדדית);"b. אירועי קידום גלובליים ופורומים;e. תשתיות עירוניות (תחבורה ציבורית, נדל""ן ציבורי וכו'ׂׂׂ);g. ברשת (פורמים ואפליקציות)";4;3;a. כן;;a. יותר משעה ביום
2020/04/04 12:23:05 PM UTC+3;b.נקבה;1993-07-13;2019-09-01;23. הצפון הישן;1;"a. רשתות חברתיות (Facebook, Twitter, Youtube, LinkedIn, Instagram ... );c. שיחות עם חברים ושכנים;i. טלוויזיה";"a. Facebook;c. Youtube;f. Instagram;g. Pinterest";b. Whatsapp;5. מדיה;b.הממשל (המקומי);"a. הממשל (הלאומי);b.הממשל (המקומי);d. שותף מייסד וכלכלה;e. מחקר אקדמאי, אוניברסיטאיי";"תומך (יחסים טובים והשפעה הדדית);יחסים לא טובים (התנגדות בקבלת החלטות)";תומך (יחסים טובים והשפעה הדדית);נטרלי;תומך (יחסים טובים והשפעה הדדית);"a. אירועים שכונתיים, אגודות שכונתיות;f.  מועצת העיר או אסיפות ממשלתיות מכוונות";3;4;a. כן;"a. סקרים ברשת;b. סדנאות שיתופיות;d. אפליקציית הצבעות;e. ניהול פרויקטים ציבוריים";c. שעה בשבוע
2020/04/06 10:06:11 AM UTC+3;a.זכר;1961-04-06;1986-01-01;26. לב העיר;5;"a. רשתות חברתיות (Facebook, Twitter, Youtube, LinkedIn, Instagram ... );b. אפליקציות התכתבות (Line, WhatsApp, WeChat, Slack, Telegram ... );c. שיחות עם חברים ושכנים;d. אתרים אינטרנטים;e. דוא""ל ועלונים;f. מידע מודפס (ספרים עלונים וכו'....);i. טלוויזיה";a. Facebook;b. Whatsapp;1. ממשלתי, מגזר ציבורי;c. שירותים ציבוריים;l. אזרחים פרטניים;תומך (יחסים טובים והשפעה הדדית);תומך (יחסים טובים והשפעה הדדית);תומך (יחסים טובים והשפעה הדדית);תומך (יחסים טובים והשפעה הדדית);g. ברשת (פורמים ואפליקציות);2;3;a. כן;"a. סקרים ברשת;d. אפליקציית הצבעות";d. שעה בחודש
2020/04/06 9:07:13 PM UTC+3;a.זכר;1996-06-24;2019-12-01;59. עזרה;10;"a. רשתות חברתיות (Facebook, Twitter, Youtube, LinkedIn, Instagram ... );b. אפליקציות התכתבות (Line, WhatsApp, WeChat, Slack, Telegram ... );d. אתרים אינטרנטים;e. דוא""ל ועלונים";"a. Facebook;b. Twitter;c. Youtube;e. LinkedIn;f. Instagram";b. Whatsapp;3. מגזר פרטי;c. שירותים ציבוריים;"a. הממשל (הלאומי);b.הממשל (המקומי);c. שירותים ציבוריים;d. שותף מייסד וכלכלה;h. eCommerce, Startup, Small and Medium Enterprise;l. אזרחים פרטניים";יחסים לא טובים (התנגדות בקבלת החלטות);יחסים לא טובים (התנגדות בקבלת החלטות);נטרלי;נטרלי;a. אירועים שכונתיים, אגודות שכונתיות;4;4;a. כן;d. אפליקציית הצבעות;b. שעה ביום
2020/04/07 8:51:12 AM UTC+3;a.זכר;1987-12-23;2017-09-01;35. יפו ג;2;"a. רשתות חברתיות (Facebook, Twitter, Youtube, LinkedIn, Instagram ... );c. שיחות עם חברים ושכנים;e. דוא""ל ועלונים";"a. Facebook;c. Youtube";b. Whatsapp;3. מגזר פרטי;a. הממשל (הלאומי);"a. הממשל (הלאומי);g. חברות עסקיות";יחסים לא טובים (התנגדות בקבלת החלטות);תומך (יחסים טובים והשפעה הדדית);יחסים לא טובים (התנגדות בקבלת החלטות);נטרלי;"e. תשתיות עירוניות (תחבורה ציבורית, נדל""ן ציבורי וכו'ׂׂׂ);g. ברשת (פורמים ואפליקציות)";1;2;b. לא;;e. שעה בשנה
2020/04/07 8:59:28 AM UTC+3;a.זכר;1990-12-06;2018-10-01;23. הצפון הישן;2;"a. רשתות חברתיות (Facebook, Twitter, Youtube, LinkedIn, Instagram ... );b. אפליקציות התכתבות (Line, WhatsApp, WeChat, Slack, Telegram ... );d. אתרים אינטרנטים;i. טלוויזיה";"a. Facebook;c. Youtube";b. Whatsapp;2. אקדמאי, מחקרי, התחדשות;e. מחקר אקדמאי, אוניברסיטאיי;"a. הממשל (הלאומי);e. מחקר אקדמאי, אוניברסיטאיי";נטרלי;תומך (יחסים טובים והשפעה הדדית);נטרלי;נטרלי;"c. חדשנות ומסגרות לתמיכה בסטארט-אפ;d. גיזמות במערכות אקולוגיות וקבוצות עסקיות;g. ברשת (פורמים ואפליקציות)";2;4;a. כן;"a. סקרים ברשת;c.שיחות אחד על אחד בטלפון,  ופגישות;d. אפליקציית הצבעות";c. שעה בשבוע
2020/04/07 9:12:43 AM UTC+3;b.נקבה;1991-02-03;2018-01-01;26. לב העיר;1;a. רשתות חברתיות (Facebook, Twitter, Youtube, LinkedIn, Instagram ... );a. Facebook;b. Whatsapp;3. מגזר פרטי;c. שירותים ציבוריים;j. תנועות עממיות, אגודות מקומיות וארגונים ללא רווח;יחסים לא טובים (התנגדות בקבלת החלטות);תומך (יחסים טובים והשפעה הדדית);נטרלי;תומך (יחסים טובים והשפעה הדדית);g. ברשת (פורמים ואפליקציות);4;3;b. לא;"a. סקרים ברשת;b. סדנאות שיתופיות;d. אפליקציית הצבעות";d. שעה בחודש
2020/04/07 3:50:24 PM UTC+3;a.זכר;1992-10-11;2019-07-01;רמת גן;10;"a. רשתות חברתיות (Facebook, Twitter, Youtube, LinkedIn, Instagram ... );b. אפליקציות התכתבות (Line, WhatsApp, WeChat, Slack, Telegram ... );c. שיחות עם חברים ושכנים;d. אתרים אינטרנטים;h. רדיו;i. טלוויזיה";"a. Facebook;c. Youtube;f. Instagram";b. Whatsapp;2. אקדמאי, מחקרי, התחדשות;a. הממשל (הלאומי);"a. הממשל (הלאומי);b.הממשל (המקומי);e. מחקר אקדמאי, אוניברסיטאיי;g. חברות עסקיות;l. אזרחים פרטניים";תומך (יחסים טובים והשפעה הדדית);תומך (יחסים טובים והשפעה הדדית);נטרלי;תומך (יחסים טובים והשפעה הדדית);"c. חדשנות ומסגרות לתמיכה בסטארט-אפ;f.  מועצת העיר או אסיפות ממשלתיות מכוונות;g. ברשת (פורמים ואפליקציות)";4;4;a. כן;"a. סקרים ברשת;d. אפליקציית הצבעות;e. ניהול פרויקטים ציבוריים";a. יותר משעה ביום
2020/04/07 6:17:40 PM UTC+3;a.זכר;1983-02-06;2011-09-01;14. נאות אפקה;1;כלום;"a. Facebook;f. Instagram";b. Whatsapp;5. מדיה;g. חברות עסקיות;a. הממשל (הלאומי);יחסים לא טובים (התנגדות בקבלת החלטות);יחסים לא טובים (התנגדות בקבלת החלטות);תומך (יחסים טובים והשפעה הדדית);תומך (יחסים טובים והשפעה הדדית);g. ברשת (פורמים ואפליקציות);1;3;a. כן;"a. סקרים ברשת;d. אפליקציית הצבעות;e. ניהול פרויקטים ציבוריים";d. שעה בחודש